noreg,tanggal_record,plan,aktual,reject,persentase,hadir,keterangan
2604129,2026-05-06,0,239,0,100.0,✔,
2604145,2026-05-07,55,54,2,98.18,✔,Tidak ada
2602003,2026-05-07,45,45,0,100.0,✔,
2602002,2026-05-07,15,18,0,120.0,✔,
2602168,2026-05-07,200,250,0,125.0,✔,Assembling
2602006,2026-05-07,1,124,0,12400.0,✔,
2604144,2026-05-07,0,0,0,,✔,"1. Melakukan penyebaran RPH ke setiap line produksi sesuai jadwal.
2. Mencetak ulang form produksi yang habis di area produksi.
3. Mengambil seluruh checksheet produksi dari masing-masing line.
4. Melakukan input data produksi secara berkala.
5. Menginput hasil produksi ke sistem Dynamics AX."
2602007,2026-05-07,0,35,0,100.0,✔,
2603130,2026-05-07,115,250,0,217.39,✔,"amplas galah baret hitam, Laser Marking, Plasma Cutting, burying moving galah uk 6 meter diameter 38 mm (150 pcs) diameter 33 mm (100 pcs)."
2603143,2026-05-07,0,35,0,100.0,✔,
2512091,2026-04-30,0,1,0,100.0,✔,
2512091,2026-05-02,0,1,0,100.0,✔,
2512091,2026-05-05,0,1,0,100.0,✔,
2512091,2026-05-06,20,1,0,5.0,✔,
2512091,2026-05-07,0,1,5,100.0,✔,
2603146,2026-05-06,204,204,0,100.0,✔,"Pengecekan Pasir 
5R Area FBO"
2603146,2026-05-07,49,0,0,0.0,✔,"Pengecekan Pasir 
5R Area Fetling"
2604129,2026-05-07,0,133,4,100.0,✔,
2602003,2026-05-08,40,40,0,100.0,✔,
2601176,2026-05-07,0,0,0,,✔,1. Time management
2511108,2026-05-07,7,7,0,100.0,✔,Repair pattern efata 17A
2511108,2026-05-06,25,18,0,72.0,✔,Belt elevator 1 dan 2 macet; Jam 19.00-20.30 5R area bekas Furan 5 Ton
2511108,2026-05-04,12,12,0,100.0,✔,Belt Elevator 1 macet
2602168,2026-05-08,200,100,0,50.0,✔,"1. Kiriman Barang Panjang
- 8M = 600 pcs
- 6M = 1.000 pcs
- 4M = 500 pcs
2. 5R ada tamu"
2601190,2026-05-07,0,33,0,100.0,✔,TIDAK ADA
2601190,2026-05-08,0,83,0,100.0,✔,TIDAK ADA
2604145,2026-05-08,55,55,0,100.0,✔,0
2602002,2026-05-08,50,58,0,116.0,✔,
2604144,2026-05-08,0,0,0,,✔,"1. Melakukan penyebaran RPH ke setiap line produksi sesuai jadwal.
2. Mencetak ulang form produksi yang habis di area produksi.
3. Mengambil seluruh checksheet produksi dari masing-masing line.
4. Melakukan input data produksi secara berkala.
5. Menginput hasil produksi ke sistem Dynamics AX."
2603130,2026-05-08,115,200,0,173.91,✔,"amplas galah baret hitam, Laser Marking, Plasma Cutting, burrying moving galah uk 6 meter diameter 38 mm (50 pcs) diameter 33 mm (150 pcs), packing galah 17 koli."
2601176,2026-05-08,0,0,0,,✔,1. Time management
2603143,2026-05-08,0,30,0,100.0,✔,
2512091,2026-05-08,0,1,0,100.0,✔,
2604145,2026-05-09,55,35,0,63.64,✔,0
2604129,2026-05-08,0,244,1,100.0,✔,
2602168,2026-05-09,200,250,0,125.0,✔,
2601190,2026-05-09,0,53,0,100.0,✔,TIDAK ADA
2603130,2026-05-09,115,100,0,86.96,✔,"amplas galah baret hitam, Laser Marking, Plasma Cutting, burrying moving galah uk 6 meter diameter 38 mm (50 pcs) diameter 33 mm (50 pcs), packing 21 koli, assembly start jam 17.30 - 22.30."
2604144,2026-05-11,0,0,0,,✔,"1. Melakukan penyebaran RPH ke setiap line produksi.
2. Mencetak ulang form produksi yang habis di area produksi.
3. Mengambil seluruh checksheet produksi dari masing-masing line.
4. Melakukan input data produksi secara berkala.
5. Menginput hasil produksi ke sistem Dynamics AX."
2601176,2026-05-11,0,0,0,,✔,Time management
2603143,2026-05-11,0,16,0,100.0,✔,
2601190,2026-05-11,0,35,0,100.0,✔,
2602168,2026-05-11,0,28,0,100.0,✔,
2603130,2026-05-11,115,250,0,217.39,✔,"amplas galah baret hitam, Laser Marking, Plasma Cutting, burrying moving galah uk 6 meter diameter 38 mm (150 pcs) diameter 33 mm (100 pcs), assembly."
2602006,2026-05-10,3,70,0,2333.33,✔,
2602006,2026-05-11,3,60,0,2000.0,✔,
2601114,2026-05-11,0,17,0,100.0,✔,
2603146,2026-05-08,0,0,0,,✔,Pengecekan Pasir
2603146,2026-05-11,56,56,0,100.0,✔,Pengecekan Pasir
2601176,2026-05-12,0,0,0,,✔,Time management
2602002,2026-05-11,20,24,0,120.0,✔,
2603130,2026-05-12,115,250,0,217.39,✔,"amplas galah baret hitam, Laser Marking, Plasma Cutting, burrying moving galah uk 6 meter diameter 38 mm (100 pcs) diameter 33 mm (150 pcs), assembly."
2604144,2026-05-12,0,0,0,,✔,"1. Melakukan penyebaran RPH ke setiap line produksi sesuai jadwal.
2. Mencetak ulang form produksi yang habis di area produksi.
3. Mengambil seluruh checksheet produksi dari masing-masing line.
4. Melakukan input data produksi secara berkala.
5. Menginput hasil produksi ke sistem Dynamics AX."
2603143,2026-05-12,0,45,0,100.0,✔,
2601190,2026-05-12,0,20,0,100.0,✔,
2602168,2026-05-12,0,24,0,100.0,✔,
2602006,2026-05-12,3,208,10,6933.33,✔,
2602002,2026-05-12,15,20,0,133.33,✔,
2603146,2026-05-12,199,0,0,0.0,✔,Pengecekan Pasir
2603146,2026-05-13,180,155,27,86.11,✔,"Pengecekan Pasir 
Cek Core"
2603130,2026-05-13,115,200,0,173.91,✔,"amplas galah baret hitam sebelum proses, Laser Marking, Plasma Cutting, burrying moving galah uk 6 meter diameter 38 mm (100 pcs) diameter 33 mm (100 pcs), assembly, repair produksi lama sebelum diproses (50 pcs) ."
2601190,2026-05-13,0,58,0,100.0,✔,
2601176,2026-05-13,0,0,0,,✔,Time management
2602168,2026-05-13,0,35,0,100.0,✔,
2604144,2026-05-13,0,0,0,,✔,"1. Melakukan penyebaran RPH ke setiap line produksi.
2. Mencetak ulang form produksi yang habis di area produksi.
3. Mengambil seluruh checksheet produksi dari masing-masing line.
4. Melakukan input data produksi secara berkala.
5. Menginput hasil produksi ke sistem Dynamics AX."
2602002,2026-05-13,30,54,0,180.0,✔,
2601176,2026-05-14,0,0,0,,✔,Time management
2512090,2026-05-14,0,71,0,100.0,✔,tidak ada
2602168,2026-05-14,0,39,0,100.0,✔,
2603130,2026-05-14,115,220,0,191.3,✔,"amplas galah baret hitam sebelum proses, Laser Marking, Plasma Cutting, burrying moving galah uk 6 meter diameter 38 mm (120 pcs) diameter 33 mm (100 pcs), assembly."
2602168,2026-05-15,0,57,0,100.0,✔,
2602002,2026-05-14,20,33,0,165.0,✔,
2602002,2026-05-15,0,2,0,100.0,✔,
2604144,2026-05-14,0,0,0,,✔,"1. Melakukan penyebaran RPH ke setiap line produksi sesuai jadwal.
2. Mencetak ulang form produksi yang habis di area produksi.
3. Mengambil seluruh checksheet produksi dari masing-masing line.
4. Melakukan input data produksi secara berkala.
5. Menginput hasil produksi ke sistem Dynamics AX."
2604144,2026-05-15,0,0,0,,✔,"1. Melakukan penyebaran RPH ke setiap line produksi sesuai jadwal.
2. Mencetak ulang form produksi yang habis di area produksi.
3. Mengambil seluruh checksheet produksi dari masing-masing line.
4. Melakukan input data produksi secara berkala.
5. Menginput hasil produksi ke sistem Dynamics AX.
6. Membuat jadwal produksi"
2603146,2026-05-15,128,128,0,100.0,✔,Pengecekan Pasir
2601190,2026-05-15,0,80,0,100.0,✔,
2603143,2026-05-18,0,20,0,100.0,✔,
2603130,2026-05-15,115,150,0,130.43,✔,"amplas galah baret hitam sebelum proses, Laser Marking, Plasma Cutting, burrying moving galah uk 6 meter diameter 38 mm (50 pcs) diameter 33 mm (50 pcs), 4 meter diameter 33 mm (50 pcs), assembly."
2603131,2026-05-02,0,0,0,,✔,Dril mengalami kerusakan dan harus di lakukan pembetulan di maintance
2603131,2026-05-03,0,0,0,,✔,
2603131,2026-05-04,0,0,0,,✔,drill mengalami kendala mati
2603131,2026-05-06,0,0,0,,✔,
2603131,2026-05-07,0,0,0,,✔,
2605047,2026-05-17,15,13,0,86.67,✔,Tidak ada
2603131,2026-05-08,0,0,0,,✔,
2603131,2026-05-11,0,0,0,,✔,
2603131,2026-05-12,0,0,0,,✔,
2603131,2026-05-13,0,0,0,,✔,
2603131,2026-05-14,0,0,0,,✔,
2603131,2026-05-18,0,0,0,,✔,
2602168,2026-05-18,200,250,0,125.0,✔,
2603146,2026-05-18,181,181,0,100.0,✔,Pengecekan Pasir
2605033,2026-05-18,60,60,0,100.0,✔,tidak ada
2605018,2026-05-18,30,30,0,100.0,✔,Tidak ada
2601176,2026-05-18,0,0,0,,✔,Time management
2605012,2026-05-18,60,60,0,100.0,✔,Tidak ada
2605043,2026-05-18,15,15,1,100.0,✔,maintenance
2602002,2026-05-18,20,23,0,115.0,✔,2
2603130,2026-05-18,115,250,0,217.39,✔,"amplas galah baret hitam sebelum proses, Laser Marking, Plasma Cutting, burrying moving galah uk 4 meter diameter 38 mm (150 pcs) diameter 33 mm (100 pcs), packing wrapping, assembly."
2605044,2026-05-18,0,84,2,100.0,✔,tidak ada
2605045,2026-05-18,42,84,43,200.0,✔,Tidak ada; tidak ada
2605039,2026-05-18,42,42,1,100.0,✔,Tidak ada
2605042,2026-05-17,0,20,0,100.0,✔,
2605046,2026-05-18,0,25,0,100.0,✔,tidak ada
2603143,2026-05-19,0,12,0,100.0,✔,
2605047,2026-05-18,15,32,0,213.33,✔,Tidak ada
2605011,2026-05-17,51,51,0,100.0,✔,Belum terbiasa awalan sering mengantuk
2605040,2026-05-18,0,27,0,100.0,✔,grinding burry
2605011,2026-05-18,140,140,2,100.0,✔,Tidak ada
2605033,2026-05-19,80,80,0,100.0,✔,tidak ada kendala
2602168,2026-05-19,200,200,0,100.0,✔,
2605043,2026-05-19,15,15,0,100.0,✔,maintenance
2601176,2026-05-19,0,0,0,,✔,Time management
2605018,2026-05-19,50,50,0,100.0,✔,Tindak ada
2605012,2026-05-19,80,80,0,100.0,✔,Tidak ada
2604144,2026-05-18,0,0,0,,✔,"1. Melakukan penyebaran RPH ke setiap line produksi sesuai jadwal.
2. Mencetak ulang form produksi yang habis di area produksi.
3. Mengambil seluruh checksheet produksi dari masing-masing line.
4. Melakukan input data produksi secara berkala.
5. Menginput hasil produksi ke sistem Dynamics AX.
6. Mendaftarkan dokumen baru"
2604144,2026-05-19,0,0,0,,✔,"1. Melakukan penyebaran RPH ke setiap line produksi sesuai jadwal.
2. Mencetak ulang form produksi yang habis di area produksi.
3. Mengambil seluruh checksheet produksi dari masing-masing line.
4. Melakukan input data produksi secara berkala.
5. Menginput hasil produksi ke sistem Dynamics AX."
2605039,2026-05-19,33,33,0,100.0,✔,Tidak ada
2605044,2026-05-19,0,10,0,100.0,✔,tidak ada
2605045,2026-05-19,10,20,0,200.0,✔,tidak ada
2605046,2026-05-19,0,76,0,100.0,✔,tidak ada
2605041,2026-05-18,120,120,0,100.0,✔,shotblast
2603130,2026-05-19,115,220,0,191.3,✔,"amplas galah baret hitam sebelum proses, Laser Marking, Plasma Cutting, burrying moving galah uk 4 meter diameter 38 mm (150 pcs) diameter 33 mm (70 pcs), packing wrapping 17 koli."
2603146,2026-05-19,150,115,8,76.67,✔,Pengecekan Pasir
2601190,2026-05-19,0,36,0,100.0,✔,
2602006,2026-05-19,45,38,0,84.44,✔,
2602002,2026-05-19,20,41,0,205.0,✔,
2605041,2026-05-19,100,100,0,100.0,✔,maintenance
2605042,2026-05-19,0,20,0,100.0,✔,
2605042,2026-05-20,0,51,0,100.0,✔,
2605011,2026-05-19,72,72,0,100.0,✔,Kekurangan cairan etanol
2605047,2026-05-19,20,34,0,170.0,✔,Tidak ada
2601190,2026-05-20,0,31,0,100.0,✔,
2602168,2026-05-20,200,230,0,115.0,✔,1. Kiriman 6M=500 PCS
2605033,2026-05-20,10,10,0,100.0,✔,maintenance
2605040,2026-05-19,0,42,0,100.0,✔,
2605012,2026-05-20,21,21,0,100.0,✔,Tidak ada
2605043,2026-05-20,15,15,0,100.0,✔,maintenance
2604144,2026-05-20,0,0,0,,✔,"1. Melakukan penyebaran RPH ke setiap line produksi sesuai jadwal.
2. Mencetak ulang form produksi yang habis di area produksi.
3. Mengambil seluruh checksheet produksi dari masing-masing line.
4. Melakukan input data produksi secara berkala.
5. Menginput hasil produksi ke sistem Dynamics AX.
6. Membuat MPF untuk kelebihan dan pengambilan jam produksi"
2601176,2026-05-20,0,0,0,,✔,Time management
2605018,2026-05-20,210,210,0,100.0,✔,Tidak ada
2603130,2026-05-20,115,200,0,173.91,✔,"amplas galah baret hitam sebelum proses, Laser Marking, Plasma Cutting, burrying moving galah uk 6 meter diameter 38 mm (160 pcs) diameter 33 mm (40 pcs)."
2605044,2026-05-20,0,15,0,100.0,✔,tidak ada
2605046,2026-05-20,0,8,1,100.0,✔,tidak ada
2605045,2026-05-20,0,16,0,100.0,✔,tidak ada
2605039,2026-05-20,32,32,0,100.0,✔,Tidak ada
2603143,2026-05-21,0,26,0,100.0,✔,
2605011,2026-05-20,138,138,1,100.0,✔,Tidak ada
2602006,2026-05-20,160,163,0,101.88,✔,Pergantian corebox braket spring
2605041,2026-05-20,163,163,0,100.0,✔,
2603131,2026-05-19,0,0,0,,✔,Dril mengalami kendala mati
2603131,2026-05-20,0,0,0,,✔,
2603131,2026-05-21,0,0,0,,✔,Drill mengalami rusak dan kendala mati terus
2602168,2026-05-21,0,35,0,100.0,✔,"1. Kiriman 4M 600 PCS
2. Assembling 
3. Mengamplas barang karat 6M"
2602002,2026-05-20,25,29,0,116.0,✔,
2602002,2026-05-21,25,20,0,80.0,✔,
2605012,2026-05-21,33,33,0,100.0,✔,Tidak ada kendala
2601190,2026-05-21,0,5,0,100.0,✔,bantu packing
2605033,2026-05-21,20,20,0,100.0,✔,maintenance
2603146,2026-05-20,123,121,2,98.37,✔,Pengecekan Pasir
2604144,2026-05-21,0,0,0,,✔,"1. Melakukan penyebaran RPH ke setiap line produksi sesuai jadwal.
2. Mencetak ulang form produksi yang habis di area produksi.
3. Mengambil seluruh checksheet produksi dari masing-masing line.
4. Melakukan input data produksi secara berkala.
5. Menginput hasil produksi ke sistem Dynamics AX."
2605043,2026-05-21,15,15,0,100.0,✔,
2605047,2026-05-20,30,35,0,116.67,✔,Tidak ada
2605018,2026-05-21,121,121,0,100.0,✔,Tidak ada
2602006,2026-05-21,170,169,0,99.41,✔,
2605044,2026-05-21,0,29,0,100.0,✔,tidak ada
2605045,2026-05-21,0,29,0,100.0,✔,tidak ada
2605046,2026-05-21,0,20,1,100.0,✔,tidak ada
2605039,2026-05-21,29,29,0,100.0,✔,Tidak ada
2605041,2026-05-21,66,66,0,100.0,✔,
2603146,2026-05-21,136,133,3,97.79,✔,"Pengecekan Pasir
Tidak ikut trial oring karna pada waktu istirahat 
Air spray BC 2 mati"
2605040,2026-05-21,0,46,0,100.0,✔,
2602168,2026-05-22,0,111,0,100.0,✔,1.Ripper
2603131,2026-05-22,0,0,0,,✔,Kendala dril bolak balik mati dan carbon brush nya drill habis gada stock di sperpat
2601190,2026-05-22,0,15,0,100.0,✔,pindah ke packing
2605033,2026-05-22,50,50,0,100.0,✔,maintenance
2605043,2026-05-22,15,15,0,100.0,✔,
2601176,2026-05-22,0,0,0,,✔,Time management
2604144,2026-05-22,0,0,0,,✔,"1. Melakukan penyebaran RPH ke setiap line produksi sesuai jadwal.
2. Mencetak ulang form produksi yang habis di area produksi.
3. Mengambil seluruh checksheet produksi dari masing-masing line.
4. Melakukan input data produksi secara berkala.
5. Menginput hasil produksi ke sistem Dynamics AX.
6. Membuat jadwal produksi"
2605012,2026-05-22,50,50,0,100.0,✔,Tidak ada
2605018,2026-05-22,13,13,0,100.0,✔,Tidak ada
2603130,2026-05-21,115,147,0,127.83,✔,"amplas galah baret hitam sebelum proses, Laser Marking, Plasma Cutting, burrying moving galah uk 4 meter diameter 38 mm (63 pcs) diameter 33 mm (84 pcs)."
2605047,2026-05-21,0,40,0,100.0,✔,Tidak ada
2603130,2026-05-22,115,120,0,104.35,✔,"packing set D38 D33 4M (12 KOLI), packing set D38 D33 6M (108 KOLI), MENATA FGS."
2605045,2026-05-22,0,43,0,100.0,✔,tidak ada
2605044,2026-05-22,0,12,0,100.0,✔,tidak ada
2605046,2026-05-22,0,36,0,100.0,✔,tidak ada
2605039,2026-05-22,18,18,0,100.0,✔,Tidak ada
2605041,2026-05-22,93,91,2,97.85,✔,maintenance
2605047,2026-05-22,0,14,0,100.0,✔,Tidak ada
2605040,2026-05-22,0,14,0,100.0,✔,
2602168,2026-05-23,0,28,0,100.0,✔,"1. Assembling 
2. Mengamplas barang karat
3. Ripper"
2605033,2026-05-23,7,7,0,100.0,✔,tidak ada
2601176,2026-05-23,0,0,0,,✔,Time management
2605011,2026-05-21,40,40,2,100.0,✔,Tidak ada
2605011,2026-05-22,7,7,2,100.0,✔,Tidak ada
2602006,2026-05-22,35,36,1,102.86,✔,
2602006,2026-05-23,0,29,0,100.0,✔,
2601190,2026-05-23,0,26,0,100.0,✔,
2605043,2026-05-23,15,15,0,100.0,✔,fan belt lepas
2605012,2026-05-23,7,7,0,100.0,✔,Tidak ada masalah
2605018,2026-05-23,137,137,0,100.0,✔,Tidak ada
2605045,2026-05-23,0,16,0,100.0,✔,tidak ada
2603146,2026-05-22,125,121,4,96.8,✔,"Pengecekan Pasir
Pasir di sand tank habis perlu stock baru di warehouse"
2605044,2026-05-23,0,20,0,100.0,✔,tidak ada
2605046,2026-05-23,0,0,0,,✔,tidak ada
2605042,2026-05-21,46,46,0,100.0,✔,
2605042,2026-05-22,0,14,0,100.0,✔,
2603130,2026-05-23,115,90,0,78.26,✔,potong material yang NG 90 pcs.
2602002,2026-05-22,10,14,0,140.0,✔,
2602002,2026-05-23,0,6,1,100.0,✔,
2602002,2026-05-25,25,26,0,104.0,✔,
2605033,2026-05-25,26,26,0,100.0,✔,tidak ada
2605018,2026-05-25,170,170,0,100.0,✔,Tidak ada
2605012,2026-05-25,26,26,0,100.0,✔,Tidak ada
2605039,2026-05-23,6,6,0,100.0,✔,Tidak ada
2605045,2026-05-25,0,6,0,100.0,✔,tidak ada
2603130,2026-05-25,148,225,2,152.03,✔,"Potong material yang NG 92 PCS, plasma cutting, burrying moving D33 (50 pcs) D38 (50 pcs), packing set D33/D38 4 meter (13 koli)."
2605044,2026-05-25,24,24,0,100.0,✔,tidak ada
2605046,2026-05-25,0,18,1,100.0,✔,tidak ada
2605039,2026-05-25,39,39,0,100.0,✔,Tidak ada
2602006,2026-05-25,120,132,6,110.0,✔,
2601190,2026-05-25,0,92,0,100.0,✔,tidak ada
2604144,2026-05-25,0,0,0,,✔,"1. Melakukan penyebaran RPH ke setiap line produksi sesuai jadwal.
2. Mencetak ulang form produksi yang habis di area produksi.
3. Mengambil seluruh checksheet produksi dari masing-masing line.
4. Melakukan input data produksi secara berkala.
5. Menginput hasil produksi ke sistem Dynamics AX.
6. Melakukan update Man Power"
2603146,2026-05-25,45,45,0,100.0,✔,"Pengecekan Pasir
Perbantuan area Mixer

Kendala downtime karna 33pcs moulding batal pouring yg harusnya OK di NG sama SPV Maintenance terkait visual (Harusnya OK sudah di cek by Pak Muhtadin)"
2601176,2026-05-25,0,0,0,,✔,Time management
2605041,2026-05-25,61,61,0,100.0,✔,
2603131,2026-05-25,0,0,0,,✔,"melakukan pembersihan sisa cairan dan slag dengan menggunakan dril lalu melakukan pengukuran ulang dimensi ladle untuk ladle fcd sehabis membuat ulang poket lalu di ukur dimensi poket dan ketinggian poket,ladle sehabis di ukur lalu di repair dengan menggunakan semen dra-zrp dan semen dra-lp526 setelah repair dengan menggunakan semen lalu rapikan ladle yang sudah repair dengan kuas dan air setelah ladle sudah siap repair lalu melakukan pemindahan ladle ke burner dengan menggunakan forklift,sehabis ngeburner ladle lalu membuat stik aluminium sebanyak 20 stik dan memotong beton neser buat stik slag"
2603155,2026-05-25,0,0,0,,✔,"Daily Report Maintenance
Ayu Agustina
25-5-2026
Admin Maintenance
1. Membersihkan area sekitar
2. Stok opname tiap akhir bulan
3. menerima barang masuk
4. out barang keluar"
2602168,2026-05-25,200,195,0,97.5,✔,Gosok barang karat
2603143,2026-05-25,0,5,0,100.0,✔,
2605011,2026-05-25,99,99,5,100.0,✔,Tidak ada
2605043,2026-05-25,70,70,0,100.0,✔,
2605047,2026-05-25,14,14,0,100.0,✔,tidak ada kendala
2605012,2026-05-26,30,30,0,100.0,✔,Tidak ada
2605033,2026-05-26,30,30,0,100.0,✔,tidak ada
2605045,2026-05-26,0,1,0,100.0,✔,tidak ada
2605044,2026-05-26,0,27,0,100.0,✔,tidak ada
2605046,2026-05-26,0,75,0,100.0,✔,tidak ada
2605039,2026-05-26,35,35,0,100.0,✔,Tidak ada
2601190,2026-05-26,0,56,0,100.0,✔,
2605041,2026-05-26,46,46,0,100.0,✔,maintenance
2604144,2026-05-26,0,0,0,,✔,"1. Melakukan penyebaran RPH ke setiap line produksi sesuai jadwal.
2. Mencetak ulang form produksi yang habis di area produksi.
3. Mengambil seluruh checksheet produksi dari masing-masing line.
4. Melakukan input data produksi secara berkala.
5. Menginput hasil produksi ke sistem Dynamics AX."
2603130,2026-05-26,115,40,0,34.78,✔,"Laser marking, plasma cutting, burrying moving D38 6 meter (40 pcs), full assembly, gosok material karat dan repair NG, packing set D38/D33 4m, 6m, 7m (6, 14, 1 pcs)."
2601176,2026-05-26,0,0,0,,✔,Time management
2603131,2026-05-26,0,0,0,,✔,"melakukan pembersihan sisa cairan dan slag dengan menggunakan dril lalu melakukan pengukuran ulang dimensi ladle untuk ladle fcd sehabis membuat ulang poket lalu di ukur dimensi poket dan ketinggian poket,ladle sehabis di ukur lalu di repair dengan menggunakan semen dra-zrp dan semen dra-lp526 setelah repair dengan menggunakan semen lalu rapikan ladle yang sudah repair dengan kuas dan air setelah ladle sudah siap repair lalu melakukan pemindahan ladle ke burner dengan menggunakan forklift sehabis ngeburner ladle fcd membuat canting sebanyak 5"
2605011,2026-05-26,24,24,4,100.0,✔,Tidak ada
2602168,2026-05-26,0,18,0,100.0,✔,"1. Assembling 
2. Memotong almunium disuruh Pak Wira
3. Mengecek sebelum di assembling
4. Menggosok barang karat"
2605047,2026-05-26,14,14,0,100.0,✔,Tidak ada
2605040,2026-05-26,5,5,0,100.0,✔,tidak ada
2605040,2026-05-27,28,14,0,50.0,✔,
2603143,2026-05-26,39,49,0,125.64,✔,
2605042,2026-05-25,0,10,0,100.0,✔,
2605042,2026-05-26,0,18,0,100.0,✔,
2605018,2026-05-26,121,121,0,100.0,✔,Tidak ada
2602006,2026-05-26,0,32,0,100.0,✔,
2602002,2026-05-28,15,20,0,133.33,✔,
2605012,2026-05-28,12,12,0,100.0,✔,Tidak ada
2605033,2026-05-28,15,15,0,100.0,✔,tidak ada
2605044,2026-05-28,36,36,0,100.0,✔,tidak ada
2605039,2026-05-28,36,36,0,100.0,✔,Tidak ada
2605045,2026-05-28,0,5,0,100.0,✔,tidak ada
2605046,2026-05-28,0,29,0,100.0,✔,tidak ada
2602006,2026-05-28,115,115,0,100.0,✔,
2605041,2026-05-28,43,43,0,100.0,✔,
2603146,2026-05-26,90,123,39,136.67,✔,"Pengecekan Pasir

Kendala
-Pasir di sand storage habis
-Stock pasir baru di gudang habis"
2605018,2026-05-28,53,50,3,94.34,✔,Tidak ada
2601190,2026-05-28,0,80,0,100.0,✔,
2602168,2026-05-28,0,48,0,100.0,✔,1. Menggosok barang karat
2603143,2026-05-28,0,12,0,100.0,✔,
2605047,2026-05-28,10,10,0,100.0,✔,tidak ada
2605043,2026-05-28,119,119,0,100.0,✔,SB tumbler bocor
2603146,2026-05-28,88,88,15,100.0,✔,"Pengecekan Pasir

Kendala
-Proses cetak moulding pasir kering campur pasir baru (CB Drop)"
2604144,2026-05-28,0,0,0,,✔,"1. Melakukan penyebaran RPH ke setiap line produksi sesuai jadwal.
2. Mencetak ulang form produksi yang habis di area produksi.
3. Mengambil seluruh checksheet produksi dari masing-masing line.
4. Melakukan input data produksi secara berkala.
5. Menginput hasil produksi ke sistem Dynamics AX."
2603131,2026-05-28,0,0,0,,✔,"melakukan pembersihan sisa cairan dan slag dengan menggunakan dril lalu melakukan pengukuran ulang dimensi ladle untuk ladle fcd sehabis membuat ulang poket lalu di ukur dimensi poket dan ketinggian poket,ladle sehabis di ukur lalu di repair dengan menggunakan semen dra-zrp dan semen dra-lp526 setelah repair dengan menggunakan semen lalu rapikan ladle yang sudah repair dengan kuas dan air setelah ladle sudah siap repair lalu memotong beton neser buat stik slag dan melakukan perbantuan area melting; melakukan pembersihan sisa cairan dan slag dengan menggunakan dril lalu melakukan pengukuran ulang dimensi ladle untuk ladle fcd sehabis membuat ulang poket lalu di ukur dimensi poket dan ketinggian poket,ladle sehabis di ukur lalu di repair dengan menggunakan semen dra-zrp dan semen dra-lp526 setelah repair dengan menggunakan semen lalu rapikan ladle yang sudah repair dengan kuas dan air setelah ladle sudah siap repair lalu memotong beton neser buat stik slag sehabis memotong beton neser lalu melakukan perbantuan di area melting"
2605012,2026-05-29,12,12,0,100.0,✔,Tidak ada
2605011,2026-05-28,35,35,2,100.0,✔,Tidak ada
2605033,2026-05-29,15,15,0,100.0,✔,tidak ada
2605045,2026-05-29,0,1,0,100.0,✔,tidak ada
2605046,2026-05-29,0,10,0,100.0,✔,
2605044,2026-05-29,13,13,0,100.0,✔,tidak ada
2605041,2026-05-29,65,61,4,93.85,✔,
2605039,2026-05-29,15,15,0,100.0,✔,Tidak ada
2604144,2026-05-29,0,0,0,,✔,"1. Melakukan penyebaran RPH ke setiap line produksi sesuai jadwal.
2. Mencetak ulang form produksi yang habis di area produksi.
3. Mengambil seluruh checksheet produksi dari masing-masing line.
4. Melakukan input data produksi secara berkala.
5. Menginput hasil produksi ke sistem Dynamics AX.
6. Membuat jadwal produksi"
2601190,2026-05-29,0,70,0,100.0,✔,
2605018,2026-05-29,170,165,5,97.06,✔,Tidak ada
2601176,2026-05-29,0,0,0,,✔,Time management
2602168,2026-05-29,0,37,0,100.0,✔,
2605047,2026-05-29,22,22,0,100.0,✔,tidak ada
2605011,2026-05-29,52,52,0,100.0,✔,Tidak ada
2603130,2026-05-28,115,52,0,45.22,✔,"full amplas galah karat sebelum proses, amplas kurang lebih 1 pcs nya butuh waktu 15 menit sampai bersih, laser marking, plasma cutting, burrying moving Galah 6M D38 (12 pcs) D33 (40 pcs), assembly."
2603143,2026-05-29,0,25,0,100.0,✔,
2605043,2026-05-29,190,190,0,100.0,✔,
2605040,2026-05-28,30,28,0,93.33,✔,
2605040,2026-05-29,20,18,0,90.0,✔,
2602002,2026-05-29,15,17,0,113.33,✔,
2605033,2026-05-30,30,30,0,100.0,✔,tidak ada
2603131,2026-05-29,0,0,0,,✔,"melakukan pembersihan sisa cairan dan slag dengan menggunakan dril lalu melakukan pengukuran ulang dimensi ladle untuk ladle fcd sehabis membuat ulang poket lalu di ukur dimensi poket dan ketinggian poket,ladle sehabis di ukur lalu di repair dengan menggunakan semen dra-zrp dan semen dra-lp526 setelah repair dengan menggunakan semen lalu rapikan ladle yang sudah repair dengan kuas dan air setelah ladle sudah siap repair lalu memotong beton neser dan membuat stik aluminium"
2603131,2026-05-30,0,0,0,,✔,"Memindahkan ladle steel dan fcd dari area melting ke area ladle dengan forklift,lalu melakukan pembersihan sisa cairan dan slag dengan menggunakan dril lalu melakukan pengukuran ulang dimensi ladle untuk ladle fcd sehabis membuat ulang poket lalu di ukur dimensi poket dan ketinggian poket,ladle sehabis di ukur lalu di repair dengan menggunakan semen dra-zrp dan semen dra-lp526 setelah repair dengan menggunakan semen lalu rapikan ladle yang sudah repair dengan kuas dan air setelah ladle sudah siap repair lalu melakukan repair spout furnace 5ton"
2605012,2026-05-30,30,30,0,100.0,✔,Tidak ada
2602006,2026-05-29,45,45,0,100.0,✔,
2602006,2026-05-30,180,200,0,111.11,✔,
2605044,2026-05-30,22,22,0,100.0,✔,tidak ada
2605046,2026-05-30,0,70,5,100.0,✔,
2605039,2026-05-30,22,22,0,100.0,✔,Tidak ada
2602168,2026-05-30,0,9,0,100.0,✔,
2601176,2026-05-30,0,0,0,,✔,Time management
2605042,2026-05-28,0,12,0,100.0,✔,
2605042,2026-05-29,0,54,0,100.0,✔,
2605042,2026-05-30,0,10,0,100.0,✔,
2605043,2026-05-30,41,41,0,100.0,✔,
2605045,2026-05-30,0,0,0,,✔,tidak ada
2603130,2026-05-29,115,53,0,46.09,✔,"Full menggosok material karat D33/D38 6M, laser marking, plasma cutting, burrying moving D33 (35 pcs) D38  (18 pcs), packing 13 koli."
2605018,2026-05-30,25,25,1,100.0,✔,Tidak ada
2605047,2026-05-30,15,15,0,100.0,✔,Tidak ada
2601190,2026-05-30,0,15,0,100.0,✔,
2603146,2026-06-29,140,140,9,100.0,✔,"Pengecekan Pasir
Perbantuan area FBO naikan pasir

Kendala
Stock pasir di sand tank tinggal sedikit; Pengecekan Pasir 

Kendala : 
-Cetak bracket pattern nyantol"
2605046,2026-06-01,80,29,2,36.25,✔,tidak ada
2605044,2026-06-02,25,25,0,100.0,✔,tidak ada
2605045,2026-06-02,0,12,1,100.0,✔,tidak ada
2605039,2026-06-02,15,15,0,100.0,✔,Tidak ada
2602168,2026-06-02,0,49,0,100.0,✔,
2605011,2026-06-02,52,52,5,100.0,✔,Tidak ada
2605042,2026-06-02,0,28,0,100.0,✔,
2605040,2026-05-30,28,28,0,100.0,✔,
2605040,2026-06-02,20,20,0,100.0,✔,
2601176,2026-06-02,0,0,0,,✔,Time management
2603155,2026-06-02,0,0,0,,✔,"Daily Report Maintenance
2 Juni 2026
Ayu agustina
Admin Maintenance
- menyelesaikan stok opname akhir bulan
-menerima barang datang
-menjalankan barcode saat pengeluaran barang
-membersihkan area gudang sperpat
-merapikan rak2 gudang sperpat"
2604144,2026-06-02,0,0,0,,✔,"1. Melakukan penyebaran RPH ke setiap line produksi sesuai jadwal.
2. Mencetak ulang form produksi yang habis di area produksi.
3. Mengambil seluruh checksheet produksi dari masing-masing line.
4. Melakukan input data produksi secara berkala.
5. Menginput hasil produksi ke sistem Dynamics AX."
2605041,2026-06-02,92,92,0,100.0,✔,
2605033,2026-06-02,24,24,0,100.0,✔,tidak ada
2603131,2026-06-02,0,0,0,,✔,"lalu melakukan pembersihan sisa cairan dan slag dengan menggunakan dril lalu melakukan pengukuran ulang dimensi ladle untuk ladle fcd sehabis membuat ulang poket lalu di ukur dimensi poket dan ketinggian poket,ladle sehabis di ukur lalu di repair dengan menggunakan semen dra-zrp dan semen dra-lp526 setelah repair dengan menggunakan semen lalu rapikan ladle yang sudah repair dengan kuas dan air setelah ladle sudah siap repair lalu melakukan pemindahan ladle ke burner dengan menggunakan forklift,lalu ladle yang akan dibuat masak akan di burner,sehabis ngeburner ladle lalu melakukan perbantuan di area melting 5R dan memotong beton neser buat stik slag"
2601190,2026-06-02,0,13,0,100.0,✔,
2605012,2026-06-03,88,88,0,100.0,✔,Tidak ada
2602006,2026-06-02,15,15,0,100.0,✔,
2602006,2026-06-03,200,248,0,124.0,✔,
2605047,2026-06-02,0,14,0,100.0,✔,Tidak ada
2605046,2026-06-03,0,35,0,100.0,✔,
2605044,2026-06-03,15,15,0,100.0,✔,tidak ada
2605039,2026-06-03,30,30,0,100.0,✔,Tidak ada
2603130,2026-05-30,115,25,0,21.74,✔,"packing pole adjuster 738 pcs, gosok material karat Galah 4M (10 pcs) 6M (15 pcs)."
2602002,2026-05-30,0,10,0,100.0,✔,
2602002,2026-06-02,15,23,0,153.33,✔,
2603131,2026-06-03,0,0,0,,✔,"Memindahkan ladle steel dan fcd dari area melting ke area ladle dengan forklift,lalu melakukan pembersihan sisa cairan dan slag dengan menggunakan dril lalu melakukan pengukuran ulang dimensi ladle untuk ladle fcd sehabis membuat ulang poket lalu di ukur dimensi poket dan ketinggian poket,ladle sehabis di ukur lalu di repair dengan menggunakan semen dra-zrp dan semen dra-lp526 setelah repair dengan menggunakan semen lalu rapikan ladle yang sudah repair dengan kuas dan air setelah ladle sudah siap repair lalu melakukan pemindahan ladle ke burner dengan menggunakan forklift sehabis di pindah di area burner lalu ladle yang akan dibuat masak di burner"
2602168,2026-06-03,0,41,0,100.0,✔,
2605011,2026-06-03,140,140,7,100.0,✔,Tidak ada
2604144,2026-06-03,0,0,0,,✔,"1. Melakukan penyebaran RPH ke setiap line produksi sesuai jadwal.
2. Mencetak ulang form produksi yang habis di area produksi.
3. Mengambil seluruh checksheet produksi dari masing-masing line.
4. Melakukan input data produksi secara berkala.
5. Menginput hasil produksi ke sistem Dynamics AX.
6. Melakukan stock opname"
2605040,2026-06-03,48,24,0,50.0,✔,
2603146,2026-06-02,170,170,170,100.0,✔,"Pengecekan Pasir
Pebantuan menaikan pasir di area FBO

Kendala :
-Pasir sand tank habis
-Stock pasir JS4 di gudang kosong"
2603146,2026-06-03,65,63,1,96.92,✔,"Pengecekan Pasir
Perbantuan menaikan pasir di area shake out dan FBO

Kendala :
-Pasir di sand tank habis
-Stock pasir JS4 di gudang kosong; Pengecekan Pasir
Perbantuan menaikan pasir di area shakeout dan FBO

Kendala :
-Pasir di sand tank habis
-Stock pasir JS4 di gudang kosong
-Pasir NG"
2604129,2026-06-02,0,86,0,100.0,✔,
2604129,2026-06-03,0,29,0,100.0,✔,
2601190,2026-06-03,0,173,0,100.0,✔,
2601176,2026-06-03,0,0,0,,✔,Time Management
2605033,2026-06-03,110,110,0,100.0,✔,tidak ada
2605018,2026-06-02,86,86,0,100.0,✔,Tidak ada
2605041,2026-06-03,142,142,0,100.0,✔,maintenance
2605018,2026-06-03,35,35,2,100.0,✔,Tidak ada
2605046,2026-06-04,0,39,0,100.0,✔,
2602006,2026-06-04,12,12,0,100.0,✔,
2605045,2026-06-03,0,14,0,100.0,✔,tidak ada
2605044,2026-06-04,20,20,0,100.0,✔,tidak ada
2605039,2026-06-04,26,26,0,100.0,✔,Tidak ada
2602002,2026-06-03,15,17,0,113.33,✔,1
2603131,2026-06-04,0,0,0,,✔,"Memindahkan ladle steel dan fcd dari area melting ke area ladle dengan forklift,lalu melakukan pembersihan sisa cairan dan slag dengan menggunakan dril lalu melakukan pengukuran ulang dimensi ladle untuk ladle fcd sehabis membuat ulang poket lalu di ukur dimensi poket dan ketinggian poket,ladle sehabis di ukur lalu di repair dengan menggunakan semen dra-zrp dan semen dra-lp526 setelah repair dengan menggunakan semen lalu rapikan ladle yang sudah repair dengan kuas dan air setelah ladle sudah siap repair lalu melakukan pemindahan ladle ke burner dengan menggunakan forklift sehabis itu ladle yang akan di buat masak di burner,sehabis burner lalu melakukan pembongkaran total Furnace 1ton
Kendala: Dril mati 
Kendala furnace:ada cairan menempel di lining"
2603130,2026-06-03,0,714,0,100.0,✔,Packing Pole Adjuster 714 pcs
2605047,2026-06-03,0,36,0,100.0,✔,Tidak ada
2605047,2026-06-04,0,22,0,100.0,✔,Tidak ada
2603143,2026-06-02,0,5,0,100.0,✔,
2603143,2026-06-04,0,29,0,100.0,✔,
2602168,2026-06-04,0,30,0,100.0,✔,1. Kiriman disurabaya dan ngambil barang diplant 2 surabaya
2601176,2026-06-04,0,0,0,,✔,Time management
2605011,2026-06-04,100,100,6,100.0,✔,Tidak ada
2604144,2026-06-04,0,0,0,,✔,"1. Melakukan penyebaran RPH ke setiap line produksi sesuai jadwal.
2. Mencetak ulang form produksi yang habis di area produksi.
3. Mengambil seluruh checksheet produksi dari masing-masing line.
4. Melakukan input data produksi secara berkala.
5. Menginput hasil produksi ke sistem Dynamics AX."
2605043,2026-06-04,108,108,0,100.0,✔,
2603130,2026-06-04,0,170,0,100.0,✔,gerinda O ring 170 (15 pcs) O ring 140 (10 pcs)
2605041,2026-06-04,124,124,0,100.0,✔,maintenance
2605033,2026-06-04,100,100,0,100.0,✔,tidak ada
2605012,2026-06-04,42,49,0,116.67,✔,Tidak ada
2604129,2026-06-04,0,58,0,100.0,✔,+
2603146,2026-06-04,21,21,0,100.0,✔,"Pengecekan Pasir 
Perbantuan menaikan pasir di area FBO

Kendala :
Pasir sand tank sisa sedikit
Stock pasir JS4 di gudang kosong"
2601190,2026-06-04,0,34,0,100.0,✔,
2605044,2026-06-05,15,15,3,100.0,✔,tidak ada
2605045,2026-06-05,0,8,3,100.0,✔,tidak ada
2605046,2026-06-05,0,131,0,100.0,✔,
2605039,2026-06-05,15,15,0,100.0,✔,Tidak ada
2605018,2026-06-04,86,86,1,100.0,✔,Tidak ada
2605011,2026-06-05,42,42,4,100.0,✔,Tidak ada
2605047,2026-06-05,0,20,0,100.0,✔,Tidak ada
2605042,2026-06-04,0,30,0,100.0,✔,
2605042,2026-06-05,0,22,0,100.0,✔,
2605043,2026-06-05,194,194,0,100.0,✔,maintenance
2604144,2026-06-05,0,0,0,,✔,"1. Melakukan penyebaran RPH ke setiap line produksi sesuai jadwal.
2. Mencetak ulang form produksi yang habis di area produksi.
3. Mengambil seluruh checksheet produksi dari masing-masing line.
4. Melakukan input data produksi secara berkala.
5. Menginput hasil produksi ke sistem Dynamics AX.
6. Melakukan stock opname
7. Membuat jadwal produksi untuk minggu depan"
2602168,2026-06-05,0,38,0,100.0,✔,
2605040,2026-06-04,30,30,0,100.0,✔,
2605040,2026-06-05,20,15,0,75.0,✔,
2601176,2026-06-05,0,0,0,,✔,Time management
2603155,2026-06-05,0,0,0,,✔,"Daily report maintenance
5 juni 2026
ayu agustina
admin maintenance
-membersihkan area gudang sperpat
-menerima barang datang
-menyiapkan barang2 yang di perlukan
-mengeluarkan barang yang di perlukan produksi
-barcode berjalan"
2601190,2026-06-05,0,38,0,100.0,✔,
2603130,2026-06-05,0,83,0,100.0,✔,grinding cylinder liner (27 pcs) friction (56 pcs).
2605041,2026-06-05,63,63,0,100.0,✔,maintenance
2605012,2026-06-05,83,83,0,100.0,✔,Tidak ada
2605018,2026-06-05,51,49,2,96.08,✔,Tidak ada
2605046,2026-06-06,0,32,0,100.0,✔,
2605044,2026-06-06,20,20,0,100.0,✔,
2605045,2026-06-06,0,15,0,100.0,✔,tidak ada
2605039,2026-06-06,15,15,0,100.0,✔,Tidak ada
2604129,2026-06-05,0,36,0,100.0,✔,Moulding hino bocor
2603143,2026-06-05,0,22,0,100.0,✔,
2603131,2026-06-05,0,0,0,,✔,"Memindahkan ladle steel dan fcd dari area melting ke area ladle dengan forklift,lalu melakukan pembersihan sisa cairan dan slag dengan menggunakan dril lalu melakukan pengukuran ulang dimensi ladle untuk ladle fcd sehabis membuat ulang poket lalu di ukur dimensi poket dan ketinggian poket,ladle sehabis di ukur lalu di repair dengan menggunakan semen dra-zrp dan semen dra-lp526 setelah repair dengan menggunakan semen lalu rapikan ladle yang sudah repair dengan kuas dan air setelah ladle sudah siap repair lalu melakukan pengecekan stir gearbox dan dikasih greas pada area gearbox sehabis pengecekan stir gearbox lalu pemindahan ladle ke burner dengan menggunakan forklift sehabis ngeburner ladle yang akan di masak lalu melanjutkan pembongkaran furnace 1ton

Kendala1: Cairan pada pocket ladle fcd menempel dan susah buat di ambil
Kendala2:Drill sering mati
Kendala3:Gearbox ladle fcd no 2 seret"
2602002,2026-06-04,0,140,0,100.0,✔,
2602002,2026-06-05,0,10,0,100.0,✔,
2605033,2026-06-05,73,73,0,100.0,✔,tidak ada
2603131,2026-06-06,0,0,0,,✔,"Memindahkan ladle steel dan fcd dari area melting ke area ladle dengan forklift,lalu melakukan pembersihan sisa cairan dan slag dengan menggunakan dril lalu melakukan pengukuran ulang dimensi ladle untuk ladle fcd sehabis membuat ulang poket lalu di ukur dimensi poket dan ketinggian poket,ladle sehabis di ukur lalu di repair dengan menggunakan semen dra-zrp dan semen dra-lp526 setelah repair dengan menggunakan semen lalu rapikan ladle yang sudah repair dengan kuas dan air dan ladle siap untuk di burner di hari senin"
2605011,2026-06-06,46,46,2,100.0,✔,Tidak ada
2601190,2026-06-06,0,32,0,100.0,✔,
2601176,2026-06-06,0,0,0,,✔,Time management
2605047,2026-06-06,0,18,0,100.0,✔,Tidak ada
2603130,2026-06-06,0,64,0,100.0,✔,grinding Cylinder Liner (28 pcs) & Friction (36 pcs).
2605041,2026-06-06,73,73,5,100.0,✔,
2605033,2026-06-06,64,64,0,100.0,✔,tidak ada
2605018,2026-06-06,30,30,0,100.0,✔,Tidak ada
2605043,2026-06-06,53,52,0,98.11,✔,maintenance
2605012,2026-06-06,64,64,0,100.0,✔,Tidak ada
2605042,2026-06-06,0,30,0,100.0,✔,
2603146,2026-06-05,10,2,8,20.0,✔,"Pengecekan pasir
Perbantuan menaikan pasir area FBO
 
Kendala :
-Trial BD HINO DUTRO gagal
-BD banyak mould bocor karna material NG"
2603146,2026-06-06,0,0,0,,✔,"Perbantuan menaikan pasir di area FBO
Belajar di area FI"
2605011,2026-06-08,126,126,3,100.0,✔,Tidak ada; Ada sedikit kendala untuk pengambilan pasir manual kurang efisien
2605047,2026-06-07,0,22,0,100.0,✔,Tidak ada
2605018,2026-06-08,80,80,2,100.0,✔,Gantungan untuk membuka cetakan friction type A patah dan sudah di repair
2603131,2026-06-08,0,0,0,,✔,"melakukan pembersihan sisa cairan dan slag dengan menggunakan dril lalu melakukan pengukuran ulang dimensi ladle untuk ladle fcd sehabis membuat ulang poket lalu di ukur dimensi poket dan ketinggian poket,ladle sehabis di ukur lalu di repair dengan menggunakan semen dra-zrp dan semen dra-lp526 setelah repair dengan menggunakan semen lalu rapikan ladle yang sudah repair dengan kuas dan air setelah ladle sudah siap repair lalu melanjutkan pembongkaran furnace rongtai 1ton"
2605033,2026-06-08,17,17,0,100.0,✔,tidak ada
2605012,2026-06-08,17,17,0,100.0,✔,Tidak ada
2603143,2026-06-07,0,20,0,100.0,✔,
2601190,2026-06-08,0,30,0,100.0,✔,
2604129,2026-06-06,0,5,0,100.0,✔,Selang komresor bocor
2601176,2026-06-08,0,0,0,,✔,Time management
2605040,2026-06-06,20,10,0,50.0,✔,
2605040,2026-06-08,50,20,0,40.0,✔,
2603130,2026-06-08,0,17,0,100.0,✔,"gerinda duduk cylinder liner (9 pcs), gerinda tangan cylinder liner (8 pcs)."
2604144,2026-06-08,0,0,0,,✔,"1. Melakukan penyebaran RPH ke setiap line produksi sesuai jadwal.
2. Mencetak ulang form produksi yang habis di area produksi.
3. Mengambil seluruh checksheet produksi dari masing-masing line.
4. Melakukan input data produksi secara berkala.
5. Menginput hasil produksi ke sistem Dynamics AX."
2602006,2026-06-08,200,230,15,115.0,✔,
2605046,2026-06-08,0,39,2,100.0,✔,
2602168,2026-06-08,0,30,0,100.0,✔,
2605045,2026-06-08,0,21,3,100.0,✔,tidak ada
2605039,2026-06-08,37,37,0,100.0,✔,Tidak ada
2605044,2026-06-08,35,35,2,100.0,✔,tidak ada
2605043,2026-06-08,97,97,0,100.0,✔,maintenance
2603146,2026-06-08,53,53,0,100.0,✔,"Pengecekan Pasir

Kendala :
-Trial BD 135PS, Hino Dutro banyak mould missmatch kendala press
-BD 125PS mould bocor karna hardness di FBO NG (di test OK sama Pak Tito dan Pak Wawan)"
2605047,2026-06-08,0,28,0,100.0,✔,Tidak ada
2602002,2026-06-06,0,21,0,100.0,✔,
2602002,2026-06-08,10,11,0,110.0,✔,
2605018,2026-06-09,100,80,4,80.0,✔,Tidak ada
2601190,2026-06-09,0,40,0,100.0,✔,
2605012,2026-06-09,82,82,0,100.0,✔,Tidak ada
2605033,2026-06-09,164,164,0,100.0,✔,tidak ada
2604144,2026-06-09,0,0,0,,✔,"1. Melakukan penyebaran RPH ke setiap line produksi sesuai jadwal.
2. Mencetak ulang form produksi yang habis di area produksi.
3. Mengambil seluruh checksheet produksi dari masing-masing line.
4. Melakukan input data produksi secara berkala.
5. Menginput hasil produksi ke sistem Dynamics AX."
2601176,2026-06-09,0,0,0,,✔,Time management
2603130,2026-06-09,0,79,0,100.0,✔,"gerinda duduk Cylinder Liner (55 pcs), Narrow Adaptor (24 pcs)."
2605042,2026-06-08,0,32,0,100.0,✔,
2605046,2026-06-09,0,42,1,100.0,✔,
2602168,2026-06-09,0,33,0,100.0,✔,
2605045,2026-06-09,0,8,1,100.0,✔,tidak ada
2605039,2026-06-09,19,19,1,100.0,✔,Tdak ada
2605044,2026-06-09,15,15,0,100.0,✔,tidak ada
2605043,2026-06-09,140,140,0,100.0,✔,tidak ada
2603146,2026-06-09,9,8,1,88.89,✔,"Pengecekan Pasir 
Pengecekan Core"
2605047,2026-06-09,0,24,0,100.0,✔,Tidak ada
2605011,2026-06-09,55,55,0,100.0,✔,Tidak ada
2603131,2026-06-09,0,0,0,,✔,"melakukan pembersihan sisa cairan dan slag dengan menggunakan dril lalu melakukan pengukuran ulang dimensi ladle untuk ladle fcd sehabis membuat ulang poket lalu di ukur dimensi poket dan ketinggian poket,ladle sehabis di ukur lalu di repair dengan menggunakan semen dra-zrp dan semen dra-lp526 setelah repair dengan menggunakan semen lalu rapikan ladle yang sudah repair dengan kuas dan air setelah ladle sudah siap repair lalu melakukan repair furnace rongtai 1ton di bagian yang retak dengan semen coil"
2601190,2026-06-10,0,86,0,100.0,✔,
2605018,2026-06-10,0,60,0,100.0,✔,Tidak ada
2605033,2026-06-10,65,65,0,100.0,✔,tidak ada
2601176,2026-06-10,0,0,0,,✔,Time management
2605012,2026-06-10,65,65,0,100.0,✔,Tidak ada
2604144,2026-06-10,0,0,0,,✔,"1. Melakukan penyebaran RPH ke setiap line produksi sesuai jadwal.
2. Mencetak ulang form produksi yang habis di area produksi.
3. Mengambil seluruh checksheet produksi dari masing-masing line.
4. Melakukan input data produksi secara berkala.
5. Menginput hasil produksi ke sistem Dynamics AX."
2605041,2026-06-10,136,128,8,94.12,✔,maintenance
2602002,2026-06-09,20,31,0,155.0,✔,
2602002,2026-06-10,20,26,0,130.0,✔,
2605040,2026-06-09,20,20,0,100.0,✔,
2603131,2026-06-10,0,0,0,,✔,"melakukan pembersihan sisa cairan dan slag dengan menggunakan dril lalu melakukan pengukuran ulang dimensi ladle untuk ladle fcd sehabis membuat ulang poket lalu di ukur dimensi poket dan ketinggian poket,ladle sehabis di ukur lalu di repair dengan menggunakan semen dra-zrp dan semen dra-lp526 setelah repair dengan menggunakan semen lalu rapikan ladle yang sudah repair dengan kuas dan air setelah ladle sudah siap repair lalu melakukan remming  furnace rongtai 1 ton"
2602006,2026-06-09,0,78,0,100.0,✔,
2602006,2026-06-10,0,33,0,100.0,✔,
2605046,2026-06-10,0,62,3,100.0,✔,
2605045,2026-06-10,0,17,0,100.0,✔,tidak ada
2605042,2026-06-09,0,10,0,100.0,✔,
2605044,2026-06-10,46,46,4,100.0,✔,tidak ada
2605039,2026-06-10,46,46,4,100.0,✔,Tidak ada
2605043,2026-06-10,134,134,0,100.0,✔,tidak ada
2603130,2026-06-10,0,65,0,100.0,✔,"gerinda Friction (20 pcs), O ring L17 (15 pcs), Bearing Housing EN 25 (5 pcs) EN 35(4 pcs) , EN 35A (21 pcs)."
2605047,2026-06-10,0,25,0,100.0,✔,Tidak ada
2605011,2026-06-10,84,84,1,100.0,✔,Tidak ada
2603146,2026-06-10,10,10,0,100.0,✔,"Pengecekan Pasir
Pengecekan Core"
2601190,2026-06-11,0,104,0,100.0,✔,mati listrik
2605018,2026-06-11,0,184,2,100.0,✔,Tidak ada
2605033,2026-06-11,60,60,0,100.0,✔,tidak ada
2605012,2026-06-11,60,60,0,100.0,✔,Tidak ada
2605041,2026-06-11,89,83,6,93.26,✔,listrik mati
2605040,2026-06-10,15,15,0,100.0,✔,repair
2601176,2026-06-11,0,0,0,,✔,Time management
2603131,2026-06-11,0,0,0,,✔,"melakukan pembersihan sisa cairan dan slag dengan menggunakan dril lalu melakukan pengukuran ulang dimensi ladle untuk ladle fcd sehabis membuat ulang poket lalu di ukur dimensi poket dan ketinggian poket,ladle sehabis di ukur lalu di repair dengan menggunakan semen dra-zrp dan semen dra-lp526 setelah repair dengan menggunakan semen lalu rapikan ladle yang sudah repair dengan kuas dan air setelah ladle sudah siap repair lalu melakukan perbantuan memindahkan scrap dan merapikan area melting"
2605046,2026-06-11,0,57,2,100.0,✔,
2605042,2026-06-10,0,20,0,100.0,✔,
2603143,2026-06-10,0,9,0,100.0,✔,
2602006,2026-06-11,0,100,0,100.0,✔,
2603143,2026-06-09,0,15,0,100.0,✔,
2603143,2026-06-08,0,20,0,100.0,✔,
2602168,2026-06-11,0,65,0,100.0,✔,
2605044,2026-06-11,25,25,0,100.0,✔,tidak ada
2605039,2026-06-11,24,24,0,100.0,✔,Tidak adaa
2605045,2026-06-11,0,21,1,100.0,✔,tidak ada
2605043,2026-06-11,169,169,0,100.0,✔,Tidak ada
2604144,2026-06-11,0,0,0,,✔,"1. Melakukan penyebaran RPH ke setiap line produksi sesuai jadwal.
2. Mencetak ulang form produksi yang habis di area produksi.
3. Mengambil seluruh checksheet produksi dari masing-masing line.
4. Melakukan input data produksi secara berkala.
5. Menginput hasil produksi ke sistem Dynamics AX."
2603130,2026-06-11,0,15,0,100.0,✔,"gerinda duduk Cylinder Liner (15 pcs), setelah istirahat lampu mati jam 13.00-15.30 (kebersihan dan menata barang diatas palet area grinding dan shot blast)."
2603146,2026-06-11,170,170,170,100.0,✔,"Pengecekan Pasir
Pengecekan Core

Kendala :
-Trial BD gagal moulding masih missmatch
-Trial BD CB drop 6 point 46/40
-Cancel pouring karna pemadaman listrik"
2605011,2026-06-11,97,97,1,100.0,✔,Tidak ada
2605047,2026-06-11,0,110,0,100.0,✔,Tidak ada
2605042,2026-06-11,0,116,0,100.0,✔,
2605012,2026-06-12,77,77,0,100.0,✔,Tidak ada kendala
2601190,2026-06-12,0,148,0,100.0,✔,sepray macet
2605041,2026-06-12,132,128,4,96.97,✔,
2605033,2026-06-12,77,77,0,100.0,✔,tidak ada
2605018,2026-06-12,0,102,1,100.0,✔,Tidak ada
2604144,2026-06-12,0,0,0,,✔,"1. Melakukan penyebaran RPH ke setiap line produksi sesuai jadwal.
2. Mencetak ulang form produksi yang habis di area produksi.
3. Mengambil seluruh checksheet produksi dari masing-masing line.
4. Melakukan input data produksi secara berkala.
5. Menginput hasil produksi ke sistem Dynamics AX."
2603131,2026-06-12,0,0,0,,✔,"melakukan pembersihan sisa cairan dan slag dengan menggunakan dril lalu melakukan pengukuran ulang dimensi ladle untuk ladle fcd sehabis membuat ulang poket lalu di ukur dimensi poket dan ketinggian poket,ladle sehabis di ukur lalu di repair dengan menggunakan semen dra-zrp dan semen dra-lp526 setelah repair dengan menggunakan semen lalu rapikan ladle yang sudah repair dengan kuas dan air setelah ladle sudah siap repair lalu melakukan perbantuan masak f1t rongtai dan membuat stik aluminium dan stik slag trisula sebanyak 20"
2602006,2026-06-12,0,37,0,100.0,✔,
2605046,2026-06-12,0,50,3,100.0,✔,
2605040,2026-06-11,30,30,0,100.0,✔,repair
2602168,2026-06-12,0,30,0,100.0,✔,
2605039,2026-06-12,22,22,0,100.0,✔,Tidak ada
2605044,2026-06-12,50,51,0,102.0,✔,tidak ada
2605045,2026-06-12,0,6,0,100.0,✔,tidak ada
2605043,2026-06-12,155,154,1,99.35,✔,Tidak ada
2603143,2026-06-12,0,10,2,100.0,✔,
2605047,2026-06-12,0,25,0,100.0,✔,Tidak ada
2605033,2026-06-13,36,36,0,100.0,✔,tidak ada
2603130,2026-06-13,0,34,0,100.0,✔,gerinda duduk Narrow Adaptor (12 pcs) & O Ring 170 (22 pcs).
2603130,2026-06-12,0,24,0,100.0,✔,gerinda duduk Cylinder Liner (17 pcs) & Friction (7 pcs).
2605012,2026-06-13,36,36,0,100.0,✔,Tidak ada
2601190,2026-06-13,0,130,0,100.0,✔,
2602168,2026-06-13,0,15,0,100.0,✔,
2605045,2026-06-13,0,9,1,100.0,✔,tidak ada
2605046,2026-06-13,50,50,3,100.0,✔,
2605011,2026-06-12,50,56,1,112.0,✔,Tidak ada
2605042,2026-06-12,0,24,0,100.0,✔,
2605043,2026-06-13,109,109,0,100.0,✔,Tidak ada
2605039,2026-06-13,11,11,0,100.0,✔,Tidak ada
2605046,2026-06-16,50,50,0,100.0,✔,
2605040,2026-06-13,30,34,0,113.33,✔,repair
2605018,2026-06-16,50,50,0,100.0,✔,Tidak ada
2605018,2026-06-17,50,50,1,100.0,✔,Tidak ada
2605012,2026-06-17,80,80,0,100.0,✔,Tidak ada
2605033,2026-06-17,80,80,0,100.0,✔,tidak ada
2605011,2026-06-16,130,130,0,100.0,✔,Tidak ada
2605045,2026-06-17,0,12,0,100.0,✔,tidak ada
2602168,2026-06-17,0,45,0,100.0,✔,
2605046,2026-06-17,0,46,2,100.0,✔,
2604144,2026-06-17,0,0,0,,✔,"1. Melakukan penyebaran RPH ke setiap line produksi sesuai jadwal.
2. Mencetak ulang form produksi yang habis di area produksi.
3. Mengambil seluruh checksheet produksi dari masing-masing line.
4. Melakukan input data produksi secara berkala.
5. Menginput hasil produksi ke sistem Dynamics AX."
2602006,2026-06-17,45,46,0,102.22,✔,
2601190,2026-06-17,0,143,0,100.0,✔,
2605011,2026-06-17,50,50,7,100.0,✔,Tidak ada
2605047,2026-06-17,0,25,0,100.0,✔,Tidak ada
2605041,2026-06-17,160,157,3,98.12,✔,
2604129,2026-06-17,0,128,0,100.0,✔,
2605033,2026-06-18,0,0,0,,✔,tidak ada
2605012,2026-06-18,0,0,0,,✔,Tidak ada
2605018,2026-06-18,0,74,0,100.0,✔,Tidak ada
2603146,2026-06-17,1,1,1,100.0,✔,Pengecekan Pasir
2602006,2026-06-18,50,50,0,100.0,✔,
2605046,2026-06-18,0,42,1,100.0,✔,
2605039,2026-06-18,150,163,0,108.67,✔,Tidak ada
2605044,2026-06-18,150,163,3,108.67,✔,tidak ada
2605045,2026-06-18,0,25,0,100.0,✔,tidak ada
2601190,2026-06-18,0,113,0,100.0,✔,
2602168,2026-06-18,0,164,0,100.0,✔,
2604144,2026-06-18,0,0,0,,✔,"1. Melakukan penyebaran RPH ke setiap line produksi sesuai jadwal.
2. Mencetak ulang form produksi yang habis di area produksi.
3. Mengambil seluruh checksheet produksi dari masing-masing line.
4. Melakukan input data produksi secara berkala.
5. Menginput hasil produksi ke sistem Dynamics AX."
2603131,2026-06-18,0,0,0,,✔,"Memindahkan ladle steel dan fcd dari area melting ke area ladle dengan forklift,lalu melakukan pembersihan sisa cairan dan slag dengan menggunakan dril lalu melakukan pengukuran ulang dimensi ladle untuk ladle fcd sehabis membuat ulang poket lalu di ukur dimensi poket dan ketinggian poket,ladle sehabis di ukur lalu di repair dengan menggunakan semen dra-zrp dan semen dra-lp526 setelah repair dengan menggunakan semen lalu rapikan ladle yang sudah repair dengan kuas dan air setelah ladle sudah siap repair lalu melakukan pemindahan ladle ke burner dengan menggunakan forklift
Kendala nya cairan terlalu banyak di ladle steel dan susah untuk di bongkar"
2603130,2026-06-18,0,19,0,100.0,✔,gerinda duduk CYLINDER LINER (15 pcs) & FRICTION (4 pcs).
2603130,2026-06-17,0,28,0,100.0,✔,gerinda duduk CYLINDER LINER (14 pcs) & FRICTION (14 pcs).
2605047,2026-06-18,0,32,0,100.0,✔,Tidak ada
2605042,2026-06-17,0,32,0,100.0,✔,
2604129,2026-06-18,0,45,0,100.0,✔,
2605033,2026-06-19,35,35,0,100.0,✔,tidak ada
2605018,2026-06-19,0,80,0,100.0,✔,Tidak ada
2605046,2026-06-19,0,66,0,100.0,✔,
2602006,2026-06-19,150,150,0,100.0,✔,
2602168,2026-06-19,0,135,0,100.0,✔,
2605044,2026-06-19,135,135,0,100.0,✔,tidak ada
2605039,2026-06-19,135,135,0,100.0,✔,Tidak ada
2605045,2026-06-19,0,16,0,100.0,✔,tidak ada
2605043,2026-06-18,103,103,0,100.0,✔,Tidak ada
2605043,2026-06-19,137,137,0,100.0,✔,Tidak ada
2602002,2026-06-17,30,30,0,100.0,✔,
2602002,2026-06-18,0,0,0,,✔,
2602002,2026-06-19,30,25,0,83.33,✔,1
2604144,2026-06-19,0,0,0,,✔,"1. Melakukan penyebaran RPH ke setiap line produksi sesuai jadwal.
2. Mencetak ulang form produksi yang habis di area produksi.
3. Mengambil seluruh checksheet produksi dari masing-masing line.
4. Melakukan input data produksi secara berkala.
5. Menginput hasil produksi ke sistem Dynamics AX.
6. Membuat jadwal produksi"
2605041,2026-06-19,78,74,4,94.87,✔,
2605047,2026-06-19,0,20,0,100.0,✔,Tidak ada
2605018,2026-06-20,0,15,1,100.0,✔,Tidak ada
2605033,2026-06-20,20,20,0,100.0,✔,tidak ada
2605046,2026-06-20,0,12,2,100.0,✔,
2605011,2026-06-19,55,55,1,100.0,✔,Tidak ada
2605011,2026-06-18,50,50,1,100.0,✔,Tidak ada
2602168,2026-06-20,0,30,0,100.0,✔,1. Clinder Liner banyak yang engine
2605044,2026-06-20,30,30,0,100.0,✔,tidak ada
2605039,2026-06-20,30,30,0,100.0,✔,tidak ada
2604129,2026-06-19,0,63,0,100.0,✔,
2605045,2026-06-20,0,7,0,100.0,✔,tidak ada
2605043,2026-06-20,87,87,0,100.0,✔,Maintenance
2605012,2026-06-20,20,20,0,100.0,✔,Tidak ada
2605042,2026-06-19,0,26,0,100.0,✔,
2603130,2026-06-19,0,15,0,100.0,✔,gerinda duduk CYLINDER LINER (10 pcs) & FRICTION (5 pcs).
2603130,2026-06-20,0,21,0,100.0,✔,gerinda duduk Spacer Block (21 pcs).
2605047,2026-06-20,0,38,0,100.0,✔,Tidak ada
2605044,2026-06-21,73,73,0,100.0,✔,tidak ada
2605039,2026-06-22,124,124,0,100.0,✔,Tidak ada
2605045,2026-06-22,0,59,11,100.0,✔,tidak ada
2603131,2026-06-20,0,0,0,,✔,"Memindahkan ladle steel dan fcd dari area melting ke area ladle dengan forklift,lalu melakukan pembersihan sisa cairan dan slag dengan menggunakan dril lalu melakukan pengukuran ulang dimensi ladle untuk ladle fcd sehabis membuat ulang poket lalu di ukur dimensi poket dan ketinggian poket,ladle sehabis di ukur lalu di repair dengan menggunakan semen dra-zrp dan semen dra-lp526 setelah repair dengan menggunakan semen lalu rapikan ladle yang sudah repair dengan kuas dan air setelah ladle sudah siap repair lalu melakukan pengecekan stir gearbox dan dikasih greas pada area gearbox sehabis pengecekan stir gearbox lalu sehabis pengecekan gearbox dan ladle siap buat di pakai di hari Senin lanjut merepair semen coil furnace 2 ton dan membersihkan slag"
2603146,2026-06-19,8,8,0,100.0,✔,"Pengecekan Pasir 

Kendala :
-Ada sedex yg mampet"
2605047,2026-06-22,0,38,0,100.0,✔,Fetling oring
2603130,2026-06-22,0,29,0,100.0,✔,"memotong Metal Case dari gatting (26 pcs), repair & gerinda duduk Metal Case (25 pcs), gerinda duduk Cylinder Liner (1 pcs), WK 80 (3 pcs)."
2602168,2026-06-22,0,47,0,100.0,✔,
2605033,2026-06-22,53,53,0,100.0,✔,tidak ada
2605042,2026-06-20,0,62,0,100.0,✔,
2605042,2026-06-22,0,48,0,100.0,✔,
2603143,2026-06-22,0,8,0,100.0,✔,
2604144,2026-06-22,0,0,0,,✔,"1. Melakukan penyebaran RPH ke setiap line produksi sesuai jadwal.
2. Mencetak ulang form produksi yang habis di area produksi.
3. Mengambil seluruh checksheet produksi dari masing-masing line.
4. Melakukan input data produksi secara berkala.
5. Menginput hasil produksi ke sistem Dynamics AX."
2605043,2026-06-22,101,101,0,100.0,✔,Tidak ada
2604129,2026-06-22,0,27,0,100.0,✔,
2605012,2026-06-22,53,53,0,100.0,✔,Tidak ada
2605044,2026-06-23,46,46,0,100.0,✔,tidak ada
2605045,2026-06-23,0,9,0,100.0,✔,tidak ada
2605039,2026-06-23,46,46,0,100.0,✔,Tidak ada
2602006,2026-06-23,30,40,3,133.33,✔,
2604144,2026-06-23,0,0,0,,✔,"1. Melakukan penyebaran RPH ke setiap line produksi sesuai jadwal.
2. Mencetak ulang form produksi yang habis di area produksi.
3. Mengambil seluruh checksheet produksi dari masing-masing line.
4. Melakukan input data produksi secara berkala.
5. Menginput hasil produksi ke sistem Dynamics AX."
2605040,2026-06-22,30,30,0,100.0,✔,repair
2605040,2026-06-23,25,25,0,100.0,✔,repair
2603146,2026-06-22,72,58,14,80.56,✔,"Pengecekan Pasir 

Kendala :
-Bracket beberapa bocor karena holding selama 3 jam nunggu hasil lab logam (moulding mengering)
-Pasir di sand storage tinggal sedikit"
2602168,2026-06-23,0,29,0,100.0,✔,
2605033,2026-06-23,28,28,0,100.0,✔,tidak ada
2603146,2026-06-23,10,9,1,90.0,✔,"Pengecekan Pasir 

Kendala : 
-Core Cylinder liner NG
-Trial Cylinder liner core nabrak moulding harus repair pattern"
2605043,2026-06-23,112,112,0,100.0,✔,Tidak ada
2603143,2026-06-23,0,13,2,100.0,✔,
2605044,2026-06-24,30,30,0,100.0,✔,tidak ada
2605045,2026-06-24,0,15,2,100.0,✔,tidak ada
2603130,2026-06-23,0,14,0,100.0,✔,gerinda duduk cylinder liner (14 pcs).
2605039,2026-06-24,30,30,0,100.0,✔,Tidak ada
2605046,2026-06-24,0,57,1,100.0,✔,
2605018,2026-06-23,0,406,7,100.0,✔,Tidak ada
2603131,2026-06-23,0,0,0,,✔,"melakukan pembersihan sisa cairan dan slag dengan menggunakan dril lalu melakukan pengukuran ulang dimensi ladle untuk ladle fcd sehabis membuat ulang poket lalu di ukur dimensi poket dan ketinggian poket,ladle sehabis di ukur lalu di repair dengan menggunakan semen dra-zrp dan semen dra-lp526 setelah repair dengan menggunakan semen lalu rapikan ladle yang sudah repair dengan kuas dan air setelah ladle sudah siap repair lalu melakukan remming furnace 1 ton"
2603131,2026-06-22,0,0,0,,✔,"melakukan pembersihan sisa cairan dan slag dengan menggunakan dril lalu melakukan pengukuran ulang dimensi ladle untuk ladle fcd sehabis membuat ulang poket lalu di ukur dimensi poket dan ketinggian poket,ladle sehabis di ukur lalu di repair dengan menggunakan semen dra-zrp dan semen dra-lp526 setelah repair dengan menggunakan semen lalu rapikan ladle yang sudah repair dengan kuas dan air setelah ladle sudah siap repair lalu melakukan pemotongan aluminium sebanyak 20 dan membuat canting sebanyak 4"
2602002,2026-06-20,15,18,0,120.0,✔,
2602002,2026-06-22,30,31,0,103.33,✔,
2602002,2026-06-23,0,15,0,100.0,✔,
2606104,2026-06-23,0,99,0,100.0,✔,
2605012,2026-06-23,28,28,0,100.0,✔,Tidak ada
2605047,2026-06-23,0,20,0,100.0,✔,Tidak ada
2605047,2026-06-24,0,20,0,100.0,✔,Repair jig cylinder liner
2603130,2026-06-24,0,16,0,100.0,✔,"gerinda duduk Narrow Adaptor (5 pcs) , Metal PTO (6 pcs) , Cylinder Liner (5 pcs)."
2603131,2026-06-24,0,0,0,,✔,"Melakukan pengecekan gearbox ladle no 2 dan melakukan pembuatan canting sebanyak 4,stik aluminium sebanyak 8 , stik slag sebanyak 10 
Kendala : gearbox pada ladle no 2 susah buat di putar kembali saat cairan habis
Kendala 2 : gerinda mati dan carbon brush nya habis"
2602168,2026-06-24,0,38,0,100.0,✔,
2605033,2026-06-24,80,80,0,100.0,✔,tidak ada
2605018,2026-06-24,0,345,7,100.0,✔,Tidak ada
2605043,2026-06-24,98,98,0,100.0,✔,maintenance
2605042,2026-06-24,0,70,0,100.0,✔,
2602006,2026-06-25,60,58,2,96.67,✔,
2602006,2026-06-24,0,56,0,100.0,✔,
2606104,2026-06-24,0,0,0,,✔,"1. Melakukan penyebaran RPH ke setiap line produksi sesuai jadwal.
2. Mencetak ulang form produksi yang habis di area produksi.
3. Mengambil seluruh checksheet produksi dari masing-masing line.
4. Melakukan input data produksi secara berkala.
5. Menginput hasil produksi ke sistem Dynamics AX."
2605044,2026-06-25,30,32,0,106.67,✔,tidak ada
2605046,2026-06-25,60,62,0,103.33,✔,
2603146,2026-06-24,117,87,30,74.36,✔,"Pengecekan Pasir 
Pengecekan Core (Banyak core bracket NG)

Kendala :
-Bracket bocor karena komposisi (di putuskan tambah bentonite 6kg ke 8kg)"
2605039,2026-06-25,30,30,0,100.0,✔,Tidak ada
2604129,2026-06-24,0,117,0,100.0,✔,Mould bocor
2605012,2026-06-24,33,33,0,100.0,✔,Tidak ada
2604129,2026-06-25,0,36,0,100.0,✔,
2603130,2026-06-25,0,14,0,100.0,✔,"gerinda duduk Brake Drum (1 pcs), Cylinder Liner (1 pcs), Spacer Block (7 pcs), Metal Case (5 pcs), potong produk dari gatting metal Case (27 pcs)."
2602168,2026-06-25,0,36,0,100.0,✔,1. Menata pipa galah ibk disuruh bu ainun
2605012,2026-06-25,141,141,0,100.0,✔,Tidak ada
2605018,2026-06-25,0,66,1,100.0,✔,Tidak ada
2605033,2026-06-25,141,141,0,100.0,✔,tidak ada
2605043,2026-06-25,90,90,0,100.0,✔,maintenance
2605042,2026-06-25,0,107,0,100.0,✔,
2602006,2026-06-26,0,50,0,100.0,✔,
2605039,2026-06-26,16,16,0,100.0,✔,Tidak ada
2605044,2026-06-26,0,20,0,100.0,✔,tidak ada
2605045,2026-06-26,0,3,0,100.0,✔,tidak ada
2605046,2026-06-26,0,55,3,100.0,✔,
2603146,2026-06-25,140,140,140,100.0,✔,"Pengecekan Pasir
Pengecekan Core 

Kendala :
-Pengecekan GCS Oring NG alhasil moulding retak oleh produksi minta OK, next mix menaikan komposisi bentonite 6>8kg"
2605047,2026-06-25,0,28,0,100.0,✔,Tidak ada
2606104,2026-06-26,15,15,0,100.0,✔,Tidak ada
2605011,2026-06-26,60,60,1,100.0,✔,tidak ada
2605041,2026-06-26,66,66,0,100.0,✔,maintenance
2605040,2026-06-25,30,60,0,200.0,✔,
2606105,2026-06-26,0,0,0,,✔,Membuat BO; sudah agak sedikit paham membuat surat jalan dan masih belajar membuat bo kendalanya tidak ada yg ngajari buat bo
2606101,2026-06-26,51,51,3,100.0,✔,Selang lepas
2602168,2026-06-26,0,79,0,100.0,✔,
2606102,2026-06-26,50,55,9,110.0,✔,Sarung tangan sudah bolong dan masih belum ada stok ganti nya
2605033,2026-06-26,70,70,0,100.0,✔,tidak ada
2605012,2026-06-26,78,78,0,100.0,✔,Tidak ada
2605018,2026-06-26,0,75,1,100.0,✔,Tidak ada
2605044,2026-06-27,0,21,0,100.0,✔,tidak ada
2605039,2026-06-27,16,16,0,100.0,✔,Tidak ada
2605045,2026-06-27,0,11,0,100.0,✔,tidak ada
2602006,2026-06-27,50,55,1,110.0,✔,
2604144,2026-06-26,0,0,0,,✔,"1. Melakukan penyebaran RPH ke setiap line produksi sesuai jadwal.
2. Mencetak ulang form produksi yang habis di area produksi.
3. Mengambil seluruh checksheet produksi dari masing-masing line.
4. Melakukan input data produksi secara berkala.
5. Menginput hasil produksi ke sistem Dynamics AX.
6. Membuat jadwal produksi"
2605046,2026-06-27,0,55,2,100.0,✔,
2605047,2026-06-26,0,13,0,100.0,✔,Tidak ada
2603130,2026-06-26,0,9,0,100.0,✔,"repair dimensi jig Cylinder Liner (8 pcs), gerinda tangan Pemberat (1 pcs)."
2603146,2026-06-26,140,72,0,51.43,✔,"Pengecekan Pasir 

Kendala :
-Bracket cancel karena pattern nyangkut
-Trial BD gagal karena moulding masih crash"
2603146,2026-06-27,0,0,0,,✔,"5R area lab pasir
Sortir barang return di FI"
2605043,2026-06-26,107,107,0,100.0,✔,maintenance
2606103,2026-06-26,5,7,6,140.0,✔,tidak ada; perbaikan pettern yang rusak
2602168,2026-06-27,0,15,0,100.0,✔,
2605012,2026-06-27,0,0,0,,✔,Tidak ada
2605011,2026-06-25,55,55,1,100.0,✔,Tidak ada
2605011,2026-06-27,52,52,3,100.0,✔,Tidak ada
2605033,2026-06-27,12,12,0,100.0,✔,tidak ada
2606102,2026-06-27,40,36,4,90.0,✔,Sarung tangan sudah tidak layak pakai dan belum ada stok nya
2605040,2026-06-26,42,42,0,100.0,✔,
2605040,2026-06-27,42,42,0,100.0,✔,
2602002,2026-06-25,50,60,0,120.0,✔,
2602002,2026-06-26,26,30,0,115.38,✔,
2602002,2026-06-27,0,10,0,100.0,✔,
2606101,2026-06-27,0,14,0,100.0,✔,Tidak ada kendala
2605018,2026-06-27,0,60,0,100.0,✔,Tidak ada
2603131,2026-06-26,0,0,0,,✔,"melakukan pembersihan sisa cairan dan slag dengan menggunakan dril lalu melakukan pengukuran ulang dimensi ladle untuk ladle fcd sehabis membuat ulang poket lalu di ukur dimensi poket dan ketinggian poket,ladle sehabis di ukur lalu di repair dengan menggunakan semen dra-zrp dan semen dra-lp526 setelah repair dengan menggunakan semen lalu rapikan ladle yang sudah repair dengan kuas dan air setelah ladle sudah siap repair lalu melakukan pembongkaran spout furnace rongtai 1 ton
kendala : dril mengalami kerusakan 
kendala 2 : spout furnace rongtai 1ton banyak cairan jadi harus di bongkar"
2603131,2026-06-27,0,0,0,,✔,"Memindahkan ladle steel dan fcd dari area melting ke area ladle dengan forklift,lalu melakukan pembersihan sisa cairan dan slag dengan menggunakan dril lalu melakukan pengukuran ulang dimensi ladle untuk ladle fcd sehabis membuat ulang poket lalu di ukur dimensi poket dan ketinggian poket,ladle sehabis di ukur lalu di repair dengan menggunakan semen dra-zrp dan semen dra-lp526 setelah repair dengan menggunakan semen lalu rapikan ladle yang sudah repair dengan kuas dan air setelah ladle sudah siap repair lalu melakukan pengukuran furnace 0,5 ton di area melting"
2603131,2026-06-25,0,0,0,,✔,"melakukan pembersihan sisa cairan dan slag dengan menggunakan dril lalu melakukan pengukuran ulang dimensi ladle untuk ladle fcd sehabis membuat ulang poket lalu di ukur dimensi poket dan ketinggian poket,ladle sehabis di ukur lalu di repair dengan menggunakan semen dra-zrp dan semen dra-lp526 setelah repair dengan menggunakan semen lalu rapikan ladle yang sudah repair dengan kuas dan air setelah ladle sudah siap repair lalu melakukan pembersihan area melting dan pemindahan material scrap dengan forklift 
kendala 1 : drill mengalami kerusakan pada kipas nya"
2605047,2026-06-27,0,6,0,100.0,✔,Tidak ada
2605042,2026-06-26,0,14,0,100.0,✔,
2605043,2026-06-27,5,9,0,180.0,✔,Tidak ada
2602168,2026-06-29,0,34,0,100.0,✔,
2603143,2026-06-28,0,5,0,100.0,✔,
2605011,2026-06-28,56,56,2,100.0,✔,Tidak ada
2603130,2026-06-27,0,10,0,100.0,✔,gerinda duduk cylinder liner (10 pcs).
2605012,2026-06-29,30,30,0,100.0,✔,Tidak ada
2605033,2026-06-29,14,14,0,100.0,✔,tidak ada
2606102,2026-06-29,50,40,2,80.0,✔,Tidak ada
2603131,2026-06-29,0,0,0,,✔,"melakukan pembersihan sisa cairan dan slag dengan menggunakan dril lalu melakukan pengukuran ulang dimensi ladle untuk ladle fcd sehabis membuat ulang poket lalu di ukur dimensi poket dan ketinggian poket,ladle sehabis di ukur lalu di repair dengan menggunakan semen dra-zrp dan semen dra-lp526 setelah repair dengan menggunakan semen lalu rapikan ladle yang sudah repair dengan kuas dan air setelah ladle sudah siap repair lalu membuat stik aluminium sebanyak 5"
2604144,2026-06-29,0,0,0,,✔,"1. Melakukan penyebaran RPH ke setiap line produksi sesuai jadwal.
2. Mencetak ulang form produksi yang habis di area produksi.
3. Mengambil seluruh checksheet produksi dari masing-masing line.
4. Melakukan input data produksi secara berkala.
5. Menginput hasil produksi ke sistem Dynamics AX."
2602002,2026-06-29,20,21,0,105.0,✔,
2605046,2026-06-29,60,60,1,100.0,✔,
2602006,2026-06-29,60,60,0,100.0,✔,
2605044,2026-06-29,0,105,0,100.0,✔,tidak ada
2605045,2026-06-29,0,9,1,100.0,✔,tidak ada
2605043,2026-06-29,95,95,0,100.0,✔,Tidak ada
2603130,2026-06-29,0,29,0,100.0,✔,gerinda duduk Friction (22 pcs) & potong benda dari ganteng dan gerinda duduk O Ring 170 (7 pcs).
2602168,2026-06-30,0,24,0,100.0,✔,
2605033,2026-06-30,88,88,0,100.0,✔,tidak ada
2605040,2026-06-29,15,15,0,100.0,✔,
2605040,2026-06-30,38,88,0,231.58,✔,
2605012,2026-06-30,24,24,0,100.0,✔,Tidak ada
2605011,2026-06-29,55,60,0,109.09,✔,Tidak ada
2605047,2026-06-29,0,10,0,100.0,✔,Tidak ada
2605018,2026-06-29,0,175,3,100.0,✔,Tidak ada
2605018,2026-06-30,0,340,4,100.0,✔,Tidak ada
2606102,2026-06-30,50,13,1,26.0,✔,Tidak ada
2604144,2026-06-30,0,0,0,,✔,"1. Melakukan penyebaran RPH ke setiap line produksi sesuai jadwal.
2. Mencetak ulang form produksi yang habis di area produksi.
3. Mengambil seluruh checksheet produksi dari masing-masing line.
4. Melakukan input data produksi secara berkala.
5. Menginput hasil produksi ke sistem Dynamics AX."
2605046,2026-06-30,0,57,0,100.0,✔,
2603130,2026-06-30,0,37,0,100.0,✔,gerinda duduk O Ring 140 (16 pcs) & Friction (21 pcs).
2605045,2026-06-30,0,22,1,100.0,✔,tidak ada
2605044,2026-06-30,0,145,0,100.0,✔,tidak ada
2605039,2026-06-30,86,86,0,100.0,✔,Tidak ada
2602168,2026-07-01,0,34,0,100.0,✔,
2605012,2026-07-01,56,56,0,100.0,✔,Tidak ada
2605033,2026-07-01,48,48,0,100.0,✔,tidak ada
2605011,2026-06-30,65,65,0,100.0,✔,Pegangan corebox cylider linner lepas
2603131,2026-06-30,0,0,0,,✔,"Memindahkan ladle steel dan fcd dari area melting ke area ladle dengan forklift,lalu melakukan pembersihan sisa cairan dan slag dengan menggunakan dril lalu melakukan pengukuran ulang dimensi ladle untuk ladle fcd sehabis membuat ulang poket lalu di ukur dimensi poket dan ketinggian poket,ladle sehabis di ukur lalu di repair dengan menggunakan semen dra-zrp dan semen dra-lp526 setelah repair dengan menggunakan semen lalu rapikan ladle yang sudah repair dengan kuas dan air setelah ladle sudah siap repair lalu melakukan pemindahan ladle ke burner dengan menggunakan forklift sehabis memindahkan ladle dah ngeburner ladle lalu melakukan patching furnace rongtai 1ton di bagian lining yang cekung sehabis patching lalu melakukan repair ulang spout furnace 5ton 
Kendala : dril mengalami mati"
2605042,2026-06-30,0,31,0,100.0,✔,
2605042,2026-06-29,0,28,0,100.0,✔,
2603146,2026-06-30,40,39,1,97.5,✔,"Pengecekan Pasir 
Pengecekan Core

Kendala :
-Air spay BC2 mati sand temp over 65°"
2605043,2026-06-30,119,119,0,100.0,✔,maintenance
2605043,2026-07-01,75,75,0,100.0,✔,maintenance
2606102,2026-07-01,50,27,11,54.0,✔,Tidak ada
2605018,2026-07-01,0,149,5,100.0,✔,Tidak ada
2605046,2026-07-01,0,48,2,100.0,✔,
2605044,2026-07-01,210,210,0,100.0,✔,tidak ada
2605039,2026-07-01,28,28,0,100.0,✔,Tidak ada
2605045,2026-07-01,0,8,0,100.0,✔,tidak ada
2605040,2026-07-01,56,56,0,100.0,✔,
2602168,2026-07-02,0,20,0,100.0,✔,
2605012,2026-07-02,20,20,0,100.0,✔,Tidak ada
2605033,2026-07-02,117,117,0,100.0,✔,tidak ada
2603130,2026-07-01,0,4,0,100.0,✔,Fetling dan Gerinda tangan Linier Guide (4 pcs).
2605042,2026-07-01,0,73,0,100.0,✔,
2605047,2026-07-01,0,15,0,100.0,✔,Batuan area fi
2605044,2026-06-17,0,50,0,100.0,✔,tidak ada
2605045,2026-06-25,0,8,0,100.0,✔,tidak ada
2606104,2026-06-29,15,15,0,100.0,✔,Tidak ada
2605046,2026-06-22,0,0,0,,Sakit,tidak masuk karena sakit
2605041,2026-07-01,112,107,5,95.54,✔,
2606104,2026-06-30,15,15,0,100.0,✔,Tidak ada
2606104,2026-07-01,15,15,0,100.0,✔,Tidak ada
2605041,2026-06-30,104,95,9,91.35,✔,
2605041,2026-06-29,84,82,2,97.62,✔,maintenance
2605041,2026-06-25,92,88,4,95.65,✔,maintenance
2605041,2026-06-24,89,87,2,97.75,✔,
2605041,2026-06-23,52,52,0,100.0,✔,maintenance
2605047,2026-06-30,0,30,0,100.0,✔,Tidak ada
2605041,2026-06-22,64,64,0,100.0,✔,
2605041,2026-06-18,70,64,6,91.43,✔,
2603131,2026-07-01,0,0,0,,✔,"Memindahkan ladle steel dan fcd dari area melting ke area ladle dengan forklift,lalu melakukan pembersihan sisa cairan dan slag dengan menggunakan dril lalu melakukan pengukuran ulang dimensi ladle untuk ladle fcd sehabis membuat ulang poket lalu di ukur dimensi poket dan ketinggian poket,ladle sehabis di ukur lalu di repair dengan menggunakan semen dra-zrp dan semen dra-lp526 setelah repair dengan menggunakan semen lalu rapikan ladle yang sudah repair dengan kuas dan air setelah ladle sudah siap repair lalu melakukan pemindahan ladle ke burner dengan menggunakan forklift sehabis memindahkan ladle ke Burner lalu melakukan patching furnace rongtai 1ton dengan diameter sebelum nya 58 di patching ke ukuran 53"
2605012,2026-06-19,73,73,0,100.0,✔,Tidak ada
2605018,2026-07-02,0,254,5,100.0,✔,Tidak ada
2605011,2026-07-01,65,65,0,100.0,✔,Tidak ada
2606103,2026-06-23,0,6,0,100.0,✔,pattern rusak
2606103,2026-06-24,6,6,6,100.0,✔,repair pettern
2606103,2026-06-25,0,5,5,100.0,✔,perbaikan pettern
2606103,2026-06-27,2,2,2,100.0,✔,repair pattern
2606103,2026-06-29,2,2,0,100.0,✔,repair pattern
2606103,2026-07-01,7,7,7,100.0,✔,mempersiapkan pettern sebelum naik ke fbo
2606103,2026-07-02,6,6,6,100.0,✔,mengcopy pattern yang rusak
2604144,2026-07-02,0,0,0,,✔,"1. Melakukan penyebaran RPH ke setiap line produksi sesuai jadwal.
2. Mencetak ulang form produksi yang habis di area produksi.
3. Mengambil seluruh checksheet produksi dari masing-masing line.
4. Melakukan input data produksi secara berkala.
5. Menginput hasil produksi ke sistem Dynamics AX."
2605043,2026-07-02,66,66,0,100.0,✔,maintenance
2606101,2026-06-29,0,0,0,,✔,Tidak ada kendala
2606101,2026-07-01,0,0,0,,✔,"Terjadi near miss saat mengambil barang menggunakan forklift, penyebabnya garpu kurang maju"
2605040,2026-06-17,16,16,0,100.0,✔,
2605040,2026-06-18,20,20,0,100.0,✔,
2605040,2026-06-19,22,22,0,100.0,✔,
2605040,2026-06-24,18,18,0,100.0,✔,repair
2605040,2026-07-02,51,51,0,100.0,✔,
2605046,2026-07-02,0,52,0,100.0,✔,
2605044,2026-07-02,0,54,0,100.0,✔,tidak ada
2605039,2026-07-02,56,56,0,100.0,✔,Tidak ada
2605045,2026-07-02,0,10,0,100.0,✔,tidak ada
2603146,2026-07-01,61110,61110,61110,100.0,✔,"Pengecekan Pasir 

Kendala :
-Trial Bracket 61120 gagal karna cavity terlalu mepet 
-Compressive Bracket RR kurang"
2603146,2026-07-02,56,53,3,94.64,✔,"Pengecekan Pasir 
Pengecekan Core"
2605012,2026-07-03,26,26,0,100.0,✔,Tidak ada
2605033,2026-07-03,78,78,0,100.0,✔,tidak ada
2602168,2026-07-03,0,27,0,100.0,✔,
2605011,2026-07-02,50,50,9,100.0,✔,Tidak ada
2605011,2026-06-23,57,57,0,100.0,✔,Tidak ada
2605011,2026-07-24,58,58,0,100.0,✔,Tidak ada
2605041,2026-07-02,112,107,5,95.54,✔,
2604144,2026-06-24,0,0,0,,✔,"1. Melakukan penyebaran RPH ke setiap line produksi sesuai jadwal.
2. Mencetak ulang form produksi yang habis di area produksi.
3. Mengambil seluruh checksheet produksi dari masing-masing line.
4. Melakukan input data produksi secara berkala.
5. Menginput hasil produksi ke sistem Dynamics AX."
2604144,2026-06-25,0,0,0,,✔,"1. Melakukan penyebaran RPH ke setiap line produksi sesuai jadwal.
2. Mencetak ulang form produksi yang habis di area produksi.
3. Mengambil seluruh checksheet produksi dari masing-masing line.
4. Melakukan input data produksi secara berkala.
5. Menginput hasil produksi ke sistem Dynamics AX."
2604144,2026-07-01,0,0,0,,✔,"1. Melakukan penyebaran RPH ke setiap line produksi sesuai jadwal.
2. Mencetak ulang form produksi yang habis di area produksi.
3. Mengambil seluruh checksheet produksi dari masing-masing line.
4. Melakukan input data produksi secara berkala.
5. Menginput hasil produksi ke sistem Dynamics AX."
2603130,2026-07-02,0,22,0,100.0,✔,"gerinda duduk cylinder liner (22 pcs), fetling linier guide (2 pcs)."
2606105,2026-07-23,0,0,0,,✔,belajar buat bo dan surat jalan
2606105,2026-06-24,0,0,0,,✔,masih belajar bo dan surat jalan
2606105,2026-06-25,0,0,0,,✔,belajar membuat surat jalan
2606105,2026-06-28,0,0,0,,✔,masih belajar bo sudah setengah jalan membuat bo
2606105,2026-06-29,0,0,0,,✔,seperti biasa belajarr
2606105,2026-06-30,0,0,0,,✔,sudah mulai bisa membuat surat jalan walaupun masih sering tanya
2606105,2026-07-01,0,0,0,,✔,akhirnya berhasil menginput 1 bo tanggal 12
2606105,2026-07-02,0,0,0,,✔,langsung gas input bo dari tanggal 12-sampai 30 dan bikin surat jalan dan sudah muali bisa buat lebel barang yang mau dikirim
2606103,2026-07-03,7,7,7,100.0,✔,repair pattern brake drum
2606102,2026-07-03,50,47,12,94.0,✔,Ngak ada
2606101,2026-07-02,0,0,0,,✔,Tidak ada kendala
2603131,2026-07-02,0,0,0,,✔,"Memindahkan ladle steel dan fcd dari area melting ke area ladle dengan forklift,lalu melakukan pembersihan sisa cairan dan slag dengan menggunakan dril lalu melakukan pengukuran ulang dimensi ladle untuk ladle fcd sehabis membuat ulang poket lalu di ukur dimensi poket dan ketinggian poket,ladle sehabis di ukur lalu di repair dengan menggunakan semen dra-zrp dan semen dra-lp526 setelah repair dengan menggunakan semen lalu rapikan ladle yang sudah repair dengan kuas dan air setelah ladle sudah siap repair lalu melakukan pemindahan ladle ke burner dengan menggunakan forklift"
2605047,2026-07-02,0,15,0,100.0,✔,Tidak ada
2603131,2026-07-03,0,0,0,,✔,"Memindahkan ladle steel dan fcd dari area melting ke area ladle dengan forklift,lalu melakukan pembersihan sisa cairan dan slag dengan menggunakan dril lalu melakukan pengukuran ulang dimensi ladle untuk ladle fcd sehabis membuat ulang poket lalu di ukur dimensi poket dan ketinggian poket,ladle sehabis di ukur lalu di repair dengan menggunakan semen dra-zrp dan semen dra-lp526 setelah repair dengan menggunakan semen lalu rapikan ladle yang sudah repair dengan kuas dan air setelah ladle sudah siap repair lalu melakukan pemindahan ladle ke burner dengan menggunakan forklift sehabis ngeburner ladle lalu melakukan pembongkaran spot furnace 2 ton dan membuat ulang spot furnace 2 ton"
2605042,2026-07-03,0,89,0,100.0,✔,
2605042,2026-06-18,0,28,0,100.0,✔,
2605018,2026-07-03,0,55,0,100.0,✔,Tidak ada
2603130,2026-07-03,0,28,0,100.0,✔,gerinda duduk Friction (25 pcs) & Cylinder Liner (3 pcs).
2605046,2026-07-03,0,42,0,100.0,✔,
2605039,2026-07-03,28,28,28,100.0,✔,Tidak ada
2605044,2026-07-03,0,27,0,100.0,✔,tidak ada
2605045,2026-07-03,0,2,0,100.0,✔,tidak ada
2605043,2026-07-03,134,134,0,100.0,✔,maintenance
2605047,2026-07-03,0,30,0,100.0,✔,Tidak ada
2602168,2026-07-04,0,13,0,100.0,✔,
2605012,2026-07-04,14,14,0,100.0,✔,Tidak ada
2605042,2026-07-04,0,47,0,100.0,✔,
2605033,2026-07-04,16,16,0,100.0,✔,tidak ada
2605046,2026-07-04,0,12,0,100.0,✔,
2606103,2026-07-04,0,6,6,100.0,✔,mengecek kerusakan pattern dan perawatan
2605039,2026-07-04,12,12,0,100.0,✔,Tidak ada
2606102,2026-07-04,0,40,0,100.0,✔,Ngak ada
2603130,2026-07-04,0,15,0,100.0,✔,gerinda duduk cylinder liner (15 pcs).
2605018,2026-07-04,0,22,0,100.0,✔,Tidak ada
2605044,2026-07-04,0,29,0,100.0,✔,tidak ada
2605045,2026-07-04,0,10,0,100.0,✔,tidak ada
2605047,2026-07-04,0,15,0,100.0,✔,Repair jig cylinder liner
2606101,2026-07-03,0,0,0,,✔,Tidak ada kendala
2606101,2026-07-04,0,0,0,,✔,Tidak ada kendala
2604129,2026-06-30,0,45,0,100.0,✔,
2604129,2026-07-01,0,56,0,100.0,✔,
2604129,2026-07-02,0,123,0,100.0,✔,
2604129,2026-07-03,0,48,0,100.0,✔,
2605039,2026-07-06,16,16,0,100.0,✔,Tidak ada
2605018,2026-07-06,0,55,2,100.0,✔,Tidak ada
2605046,2026-07-06,0,51,0,100.0,✔,
2605045,2026-07-06,0,13,0,100.0,✔,tidak ada
2605044,2026-07-06,0,59,0,100.0,✔,tidak ada
2605012,2026-07-06,31,31,0,100.0,✔,Tidak ada
2604144,2026-07-03,0,0,0,,✔,"1. Melakukan penyebaran RPH ke setiap line produksi sesuai jadwal.
2. Mencetak ulang form produksi yang habis di area produksi.
3. Mengambil seluruh checksheet produksi dari masing-masing line.
4. Melakukan input data produksi secara berkala.
5. Menginput hasil produksi ke sistem Dynamics AX."
2604144,2026-07-06,0,0,0,,✔,"1. Melakukan penyebaran RPH ke setiap line produksi sesuai jadwal.
2. Mencetak ulang form produksi yang habis di area produksi.
3. Mengambil seluruh checksheet produksi dari masing-masing line.
4. Melakukan input data produksi secara berkala.
5. Menginput hasil produksi ke sistem Dynamics AX."
2603130,2026-07-06,0,50,0,100.0,✔,"laser marking galah 7m D33 (50 PCS), packing set D33 D38 4m (1 koli), 6m (1 koli) , 7m (3 koli) , jam 11.00 pindah dari gerinda dan 5R, jam 13.00-15.30 perbaikan kabel mesin plasma ke panel."
2602168,2026-07-06,200,200,0,100.0,✔,
2605040,2026-07-04,6,6,0,100.0,✔,repair
2605040,2026-07-06,48,48,0,100.0,✔,
2605047,2026-07-05,0,15,0,100.0,✔,Tidak ada
2606103,2026-07-06,0,2,2,100.0,✔,perbaikan pattern
2604129,2026-07-06,0,105,0,100.0,✔,
2603146,2026-07-03,48,48,0,100.0,✔,"Pengecekan Pasir 
Pengecekan Core 

Kendala :
-Pattern BD HD REAR retak (cancel cuma 5 mold)"
2605042,2026-07-06,0,57,0,100.0,✔,
2605042,2026-07-02,0,27,0,100.0,✔,
2605039,2026-07-07,13,13,3,100.0,✔,Tidak ada
2605011,2026-07-06,55,56,0,101.82,✔,Pegangan corebox cylider linner lepas
2606102,2026-07-06,100,76,25,76.0,✔,Ngak ada; Kendala ujung core friction B susah keluar
2606102,2026-06-23,0,19,0,100.0,✔,Tidak ada
2606102,2026-06-24,0,42,2,100.0,✔,Tidak ada
2606102,2026-06-25,50,55,9,110.0,✔,Tidak ada
2605046,2026-07-07,50,50,0,100.0,✔,
2605045,2026-07-07,0,16,0,100.0,✔,tidak ada
2605033,2026-07-07,26,26,0,100.0,✔,tidak ada
2605044,2026-07-07,0,75,0,100.0,✔,tidak ada
2605012,2026-07-07,19,0,0,0.0,✔,Tidak ada
2603130,2026-07-07,115,230,17,200.0,✔,"laser marking, plasma cutting, burrying moving, assembly Galah 6m D33 (130 pcs) D38 (100 pcs)."
2606103,2026-07-07,4,4,4,100.0,✔,memperbaiki pattern
2605040,2026-07-07,15,17,0,113.33,✔,
2602168,2026-07-07,200,200,0,100.0,✔,
2606101,2026-07-06,0,0,0,,✔,Tidak ada kendala
2606101,2026-07-07,0,0,0,,✔,Tidak ada kendala
2604144,2026-07-07,0,0,0,,✔,"1. Melakukan penyebaran RPH ke setiap line produksi sesuai jadwal.
2. Mencetak ulang form produksi yang habis di area produksi.
3. Mengambil seluruh checksheet produksi dari masing-masing line.
4. Melakukan input data produksi secara berkala.
5. Menginput hasil produksi ke sistem Dynamics AX."
2605039,2026-07-08,16,16,2,100.0,✔,Tidak ada
2606102,2026-07-07,55,56,0,101.82,✔,Tidak ada
2605047,2026-07-07,0,17,0,100.0,✔,Repair jig
2605047,2026-07-06,0,19,0,100.0,✔,Gerinda duduk
2605018,2026-07-08,0,100,1,100.0,✔,Tidak ada
2604144,2026-07-08,0,0,0,,✔,"1. Melakukan penyebaran RPH ke setiap line produksi sesuai jadwal.
2. Mencetak ulang form produksi yang habis di area produksi.
3. Mengambil seluruh checksheet produksi dari masing-masing line.
4. Melakukan input data produksi secara berkala.
5. Menginput hasil produksi ke sistem Dynamics AX."
2603131,2026-07-06,0,0,0,,✔,"melakukan pembersihan sisa cairan dan slag dengan menggunakan dril lalu melakukan pengukuran ulang dimensi ladle untuk ladle fcd sehabis membuat ulang poket lalu di ukur dimensi poket dan ketinggian poket,ladle sehabis di ukur lalu di repair dengan menggunakan semen dra-zrp dan semen dra-lp526 setelah repair dengan menggunakan semen lalu rapikan ladle yang sudah repair dengan kuas dan air setelah ladle sudah siap repair lalu melakukan pemindahan ladle ke burner dengan menggunakan forklift sehabis ngeburner ladle yg akan di pakai,lalu melakukan pemotongan material seperti beton neser, aluminium dan membuat peralatan peleburan seperti canting,stik slag, dan stik aluminium"
2603131,2026-07-07,0,0,0,,✔,"melakukan pembersihan sisa cairan dan slag dengan menggunakan dril lalu melakukan pengukuran ulang dimensi ladle untuk ladle fcd sehabis membuat ulang poket lalu di ukur dimensi poket dan ketinggian poket,ladle sehabis di ukur lalu di repair dengan menggunakan semen dra-zrp dan semen dra-lp526 setelah repair dengan menggunakan semen lalu rapikan ladle yang sudah repair dengan kuas dan air setelah ladle sudah siap repair lalu melakukan pemindahan ladle ke burner dengan menggunakan forklift, lalu melakukan pembongkaran total Furnace 1 ton dan, melakukan pemotongan material seperti beton neser, aluminium dan membuat peralatan peleburan seperti canting,stik slag, dan stik aluminium"
2605046,2026-07-08,55,39,0,70.91,✔,
2605045,2026-07-08,0,2,0,100.0,✔,tidak ada
2605033,2026-07-08,32,32,0,100.0,✔,tidak ada
2605012,2026-07-08,18,0,0,0.0,✔,Tidak ada
2603146,2026-07-06,105,105,0,100.0,✔,Pengecekan Pasir
2604129,2026-07-08,0,162,0,100.0,✔,
2603146,2026-07-07,52,30,22,57.69,✔,"Pengecekan Pasir 
Pengecekan Core 

Kendala :
-Pattern Bracket nyantol pasir
-Ada perubahan setting di FBO untuk produk bracket (Pressure M ke L) karna pasir nyantol"
2606103,2026-07-08,4,4,4,100.0,✔,repair pattern
2605044,2026-07-08,0,90,0,100.0,✔,tidak ada
2603130,2026-07-08,0,172,0,100.0,✔,"laser marking, plasma cutting, burrying moving galah 6m D33 (100 pcs) D38 (72 pcs), muat galah ke truk jam 11.30  -16.00 kirim galah 6m (1000 set) 7m (200 set) , assembly, membersihkan menata merapikan FGS, trouble end graving 07.30 - 09.00."
2602168,2026-07-08,200,220,0,110.0,✔,
2605011,2026-07-08,50,50,2,100.0,✔,Tidak ada
2605043,2026-07-08,156,156,0,100.0,✔,Tidak ada
2603131,2026-07-08,0,0,0,,✔,"melakukan pembersihan sisa cairan dan slag dengan menggunakan dril lalu melakukan pengukuran ulang dimensi ladle untuk ladle fcd sehabis membuat ulang poket lalu di ukur dimensi poket dan ketinggian poket,ladle sehabis di ukur lalu di repair dengan menggunakan semen dra-zrp dan semen dra-lp526 setelah repair dengan menggunakan semen lalu rapikan ladle yang sudah repair dengan kuas dan air setelah ladle sudah siap repair lalu melakukan pembongkaran total Furnace rongtai 1ton"
2605039,2026-07-09,62,62,0,100.0,✔,Tidak ada
2605047,2026-07-08,0,16,0,100.0,✔,tidak ada
2605018,2026-07-09,0,46,5,100.0,✔,Tidak ada
2605042,2026-07-07,0,48,0,100.0,✔,
2605042,2026-07-08,0,28,0,100.0,✔,Repair air gerinda
2605046,2026-07-09,75,60,0,80.0,✔,
2605045,2026-07-09,0,21,0,100.0,✔,tidak ada
2605033,2026-07-09,49,49,0,100.0,✔,tidak ada
2605012,2026-07-09,30,25,0,83.33,✔,Tidak ada
2606102,2026-07-08,55,56,1,101.82,✔,Tidak ada
2605044,2026-07-09,0,187,0,100.0,✔,tidak ada
2606103,2026-07-09,4,4,4,100.0,✔,repair pattern
2603130,2026-07-09,115,230,0,200.0,✔,"laser marking, plasma cutting, burrying moving Galah 6m D33 (100 pcs) & D38 (130 pcs), assembly."
2604144,2026-07-09,0,0,0,,✔,"1. Melakukan penyebaran RPH ke setiap line produksi sesuai jadwal.
2. Mencetak ulang form produksi yang habis di area produksi.
3. Mengambil seluruh checksheet produksi dari masing-masing line.
4. Melakukan input data produksi secara berkala.
5. Menginput hasil produksi ke sistem Dynamics AX."
2602168,2026-07-09,200,200,0,100.0,✔,1. Assembly
2605043,2026-07-09,127,126,1,99.21,✔,maintenance
2604129,2026-07-09,0,74,0,100.0,✔,
2605039,2026-07-10,26,26,0,100.0,✔,Tidak
2603146,2026-07-08,1,1,1,100.0,✔,"Pengecekan Pasir 
Pengecekan Core"
2603146,2026-07-09,74,57,17,77.03,✔,"Pengecekan Pasir
Pengecekan Core 

Kendala :
-Cetakan Bracket nyantol pasir
-Perubahan CB pada bracket 41-42 by pak fathoni dari std 36-38"
2605018,2026-07-10,0,185,0,100.0,✔,Tidak ada
2605046,2026-07-10,75,60,0,80.0,✔,
2605045,2026-07-10,0,11,0,100.0,✔,tidak ada
2605033,2026-07-10,55,55,0,100.0,✔,tidak ada
2605012,2026-07-10,40,0,0,0.0,✔,Tidak ada
2604144,2026-07-10,0,0,0,,✔,"1. Melakukan penyebaran RPH ke setiap line produksi sesuai jadwal.
2. Mencetak ulang form produksi yang habis di area produksi.
3. Mengambil seluruh checksheet produksi dari masing-masing line.
4. Melakukan input data produksi secara berkala.
5. Menginput hasil produksi ke sistem Dynamics AX.
6. Membuat jadwal produksi"
2605044,2026-07-10,0,200,0,100.0,✔,tidak ada
2606103,2026-07-10,6,6,6,100.0,✔,repair halve koplinh
2603130,2026-07-10,115,230,0,200.0,✔,"laser marking, plasma cutting, burrying moving Galah 6m D33 (130 pcs) D38 (100 pcs), assembly."
2602168,2026-07-10,200,200,0,100.0,✔,
2603131,2026-07-10,0,0,0,,✔,"melakukan pembersihan sisa cairan dan slag dengan menggunakan dril lalu melakukan pengukuran ulang dimensi ladle untuk ladle fcd sehabis membuat ulang poket lalu di ukur dimensi poket dan ketinggian poket,ladle sehabis di ukur lalu di repair dengan menggunakan semen dra-zrp dan semen dra-lp526 setelah repair dengan menggunakan semen lalu rapikan ladle yang sudah repair dengan kuas dan air setelah ladle sudah siap repair lalu melakukan pemotongan material seperti beton neser, aluminium dan membuat peralatan peleburan seperti canting,stik slag, dan stik aluminium, lalu melakukan 5R secara merata di area ladle"
2603131,2026-07-09,0,0,0,,✔,"melakukan pembersihan sisa cairan dan slag dengan menggunakan dril lalu melakukan pengukuran ulang dimensi ladle untuk ladle fcd sehabis membuat ulang poket lalu di ukur dimensi poket dan ketinggian poket,ladle sehabis di ukur lalu di repair dengan menggunakan semen dra-zrp dan semen dra-lp526 setelah repair dengan menggunakan semen lalu rapikan ladle yang sudah repair dengan kuas dan air setelah ladle sudah siap repair lalu melakukan pemotongan material seperti beton neser, aluminium dan membuat peralatan peleburan seperti canting,stik slag, dan stik aluminium, laku melanjutkan pembongkaran furnace rongtai 1ton"
2605043,2026-07-10,110,110,0,100.0,✔,Tidak ada
2606102,2026-07-09,75,60,10,80.0,✔,Sarung tangan sudah tidak layak pakai tapi masih belum ada stok nya
2605018,2026-07-11,50,50,1,100.0,✔,Tidak ada
2605042,2026-07-10,0,29,0,100.0,✔,
2605039,2026-07-11,12,12,0,100.0,✔,Tidak ada
2605046,2026-07-11,0,36,2,100.0,✔,
2605045,2026-07-11,0,6,0,100.0,✔,gerinda tangan cepat panas
2605033,2026-07-11,7,7,0,100.0,✔,tidak ada
2602168,2026-07-11,0,35,0,100.0,✔,
2605040,2026-07-09,14,14,0,100.0,✔,repair jig
2605040,2026-07-10,7,7,0,100.0,✔,repair jig
2605040,2026-07-11,6,6,0,100.0,✔,repair jig
2603130,2026-07-11,115,100,0,86.96,✔,"laser marking, plasma cutting, burrying moving galah 6m D33 (50 PCS) D38 (50 PCS), assembly, start jam 07.30-11.30."
2605043,2026-07-11,54,54,0,100.0,✔,Tidak ada
2605012,2026-07-11,14,0,0,0.0,✔,Tidak ada
2606103,2026-07-11,6,6,6,100.0,✔,repair pattern
2605011,2026-07-10,133,133,0,100.0,✔,Tidak ada
2606102,2026-07-10,0,45,7,100.0,✔,Sarung tangan sudah tidak layak dan masih belum ada stok
2605042,2026-07-11,0,13,0,100.0,✔,
2603131,2026-07-11,0,0,0,,✔,"melakukan pembersihan sisa cairan dan slag dengan menggunakan dril lalu melakukan pengukuran ulang dimensi ladle untuk ladle fcd sehabis membuat ulang poket lalu di ukur dimensi poket dan ketinggian poket,ladle sehabis di ukur lalu di repair dengan menggunakan semen dra-zrp dan semen dra-lp526 setelah repair dengan menggunakan semen lalu rapikan ladle yang sudah repair dengan kuas dan air setelah ladle sudah siap repair lalu melakukan pemotongan material seperti beton neser, aluminium dan membuat peralatan peleburan seperti canting,stik slag, dan stik aluminium"
2605046,2026-07-13,0,52,2,100.0,✔,
2605045,2026-07-13,0,14,0,100.0,✔,tidak ada
2605033,2026-07-13,15,15,0,100.0,✔,tidak ada
2605012,2026-07-13,16,0,0,0.0,✔,Tidak ada
2605040,2026-07-13,13,13,0,100.0,✔,repair jig
2605044,2026-07-13,0,44,0,100.0,✔,tidak ada
2604144,2026-07-13,0,0,0,,✔,"1. Melakukan penyebaran RPH ke setiap line produksi sesuai jadwal.
2. Mencetak ulang form produksi yang habis di area produksi.
3. Mengambil seluruh checksheet produksi dari masing-masing line.
4. Melakukan input data produksi secara berkala.
5. Menginput hasil produksi ke sistem Dynamics AX."
2603131,2026-07-13,0,0,0,,✔,"melakukan pembersihan sisa cairan dan slag dengan menggunakan dril lalu melakukan pengukuran ulang dimensi ladle untuk ladle fcd sehabis membuat ulang poket lalu di ukur dimensi poket dan ketinggian poket,ladle sehabis di ukur lalu di repair dengan menggunakan semen dra-zrp dan semen dra-lp526 setelah repair dengan menggunakan semen lalu rapikan ladle yang sudah repair dengan kuas dan air setelah ladle sudah siap repair lalu melakukan pemotongan material seperti beton neser, aluminium dan membuat peralatan peleburan seperti canting,stik slag, dan stik aluminium"
2605039,2026-07-13,65,65,0,100.0,✔,Tidak ada
2605047,2026-07-13,0,26,0,100.0,✔,Tidak ada
2605018,2026-07-13,55,60,3,109.09,✔,Tidak ada
2603146,2026-07-13,135,135,135,100.0,✔,"Pengecekan Pasir 
Pengecekan Core 

Kendala : 
-Mixer tidak kuat mixing BD alhasil pasir belum rata terpaksa turun 
-CB tidak merata"
2605046,2026-07-14,0,44,0,100.0,✔,
2605033,2026-07-14,49,49,0,100.0,✔,tidak ada
2605045,2026-07-14,0,15,0,100.0,✔,tidak ada
2605012,2026-07-14,29,0,0,0.0,✔,Tidak ada
2603130,2026-07-13,230,220,0,95.65,✔,"laser marking, plasma cutting, burrying moving Galah 6m D33 (120 pcs) D38 (100 pcs), assembly."
2605040,2026-07-14,25,25,0,100.0,✔,
2602168,2026-07-14,200,150,0,75.0,✔,"1. Kiriman 300 set
2. Assembling"
2604144,2026-07-14,0,0,0,,✔,"1. Melakukan penyebaran RPH ke setiap line produksi sesuai jadwal.
2. Mencetak ulang form produksi yang habis di area produksi.
3. Mengambil seluruh checksheet produksi dari masing-masing line.
4. Melakukan input data produksi secara berkala.
5. Menginput hasil produksi ke sistem Dynamics AX."
2606102,2026-07-13,55,41,1,74.55,✔,Tidak ada
2606102,2026-07-14,55,55,2,100.0,✔,Tidak ada
2605039,2026-07-14,30,30,0,100.0,✔,Tidak ada
2603130,2026-07-14,230,210,0,91.3,✔,"laser marking, plasma cutting, burrying moving GALAH 6M D33 (80 pcs) D38 (130 pcs), 9 koli packing wrapping, assembly."
2605046,2026-07-15,0,42,0,100.0,✔,
2605045,2026-07-15,0,10,0,100.0,✔,tidak ada
2605033,2026-07-15,14,14,0,100.0,✔,tidak ada
2605044,2026-07-14,0,50,0,100.0,✔,tidak ada
2605012,2026-07-15,16,0,0,0.0,✔,Tidak ada
2605044,2026-07-15,0,96,0,100.0,✔,tidak ada
2602168,2026-07-15,200,150,0,75.0,✔,
2605042,2026-07-13,0,14,0,100.0,✔,
2605042,2026-07-14,0,44,0,100.0,✔,
2605042,2026-07-15,0,17,0,100.0,✔,
2604144,2026-07-15,0,0,0,,✔,"1. Melakukan penyebaran RPH ke setiap line produksi sesuai jadwal.
2. Mencetak ulang form produksi yang habis di area produksi.
3. Mengambil seluruh checksheet produksi dari masing-masing line.
4. Melakukan input data produksi secara berkala.
5. Menginput hasil produksi ke sistem Dynamics AX."
2603131,2026-07-15,0,0,0,,✔,"melakukan pembersihan sisa cairan dan slag dengan menggunakan dril lalu melakukan pengukuran ulang dimensi ladle untuk ladle fcd sehabis membuat ulang poket lalu di ukur dimensi poket dan ketinggian poket,ladle sehabis di ukur lalu di repair dengan menggunakan semen dra-zrp dan semen dra-lp526 setelah repair dengan menggunakan semen lalu rapikan ladle yang sudah repair dengan kuas dan air setelah ladle sudah siap repair lalu melakukan pemotongan material seperti beton neser, aluminium dan membuat peralatan peleburan seperti canting,stik slag, dan stik aluminium sehabis itu lalu melakukan pengecatan ladle fcd no 2 dan 1"
2605047,2026-07-15,0,25,0,100.0,✔,Tidak ada
2605018,2026-07-15,55,55,1,100.0,✔,Tidak ada
2606102,2026-07-15,55,60,4,109.09,✔,Tidak ada
2605043,2026-07-15,192,192,0,100.0,✔,Tidak ada
2605039,2026-07-15,54,54,0,100.0,✔,Tidak ada
2603146,2026-07-14,14,14,0,100.0,✔,"Pengecekan Pasir 
Pengecekan Core"
2603146,2026-07-15,0,0,0,,✔,"Pengecekan Pasir 
Pengecekan Core 

Kendala :
-Selang furnace bocor tidak jadi pouring"
2605046,2026-07-16,0,45,0,100.0,✔,
2605045,2026-07-16,0,11,0,100.0,✔,tidak ada
2605033,2026-07-16,18,18,0,100.0,✔,tidak ada
2603130,2026-07-15,230,250,0,108.7,✔,"laser marking, plasma cutting, burrying moving GALAH 4M D33 (120 pcs) & D38 (110 pcs) , GALAH 6M D38 (20 pcs), packing 11 koli, assembly."
2605044,2026-07-16,0,205,0,100.0,✔,tidak ada
2604144,2026-07-16,0,0,0,,✔,"1. Melakukan penyebaran RPH ke setiap line produksi sesuai jadwal.
2. Mencetak ulang form produksi yang habis di area produksi.
3. Mengambil seluruh checksheet produksi dari masing-masing line.
4. Melakukan input data produksi secara berkala.
5. Menginput hasil produksi ke sistem Dynamics AX."
2602168,2026-07-16,200,228,0,114.0,✔,
2603131,2026-07-16,0,0,0,,✔,"melakukan pembersihan sisa cairan dan slag dengan menggunakan dril lalu melakukan pengukuran ulang dimensi ladle untuk ladle fcd sehabis membuat ulang poket lalu di ukur dimensi poket dan ketinggian poket,ladle sehabis di ukur lalu di repair dengan menggunakan semen dra-zrp dan semen dra-lp526 setelah repair dengan menggunakan semen lalu rapikan ladle yang sudah repair dengan kuas dan air setelah ladle sudah siap repair lalu melakukan pemotongan material seperti beton neser, aluminium dan membuat peralatan peleburan seperti canting,stik slag, dan stik aluminium setelah membuat stik aluminium lalu melakukan pengecatan di area ladle dengan warna kuning"
2605012,2026-07-16,18,0,0,0.0,✔,Tidak ada
2605018,2026-07-16,0,309,1,100.0,✔,Tidak ada
2605047,2026-07-16,0,33,0,100.0,✔,Tidak adaa
2606102,2026-07-16,0,70,7,100.0,✔,Tidak ada
2605039,2026-07-16,38,38,0,100.0,✔,Tidak ada
2605046,2026-07-17,0,5,1,100.0,✔,
2605045,2026-07-17,0,23,0,100.0,✔,tidak ada
2605033,2026-07-17,22,22,0,100.0,✔,tidak ada
2603130,2026-07-16,230,230,0,100.0,✔,"laser marking, plasma cutting burrying moving GALAH 4M D33 (110 pcs) & D38 (120 pcs), end graving error 30 menit, assembly, packing 9 koli."
2602168,2026-07-17,200,200,0,100.0,✔,"1. Mengecek sebelum masuk proses assembling total 234 PCS
2. Assembling"
2604144,2026-07-17,0,0,0,,✔,"1. Melakukan penyebaran RPH ke setiap line produksi sesuai jadwal.
2. Mencetak ulang form produksi yang habis di area produksi.
3. Mengambil seluruh checksheet produksi dari masing-masing line.
4. Melakukan input data produksi secara berkala.
5. Menginput hasil produksi ke sistem Dynamics AX."
2605044,2026-07-17,0,143,0,100.0,✔,tidak ada
2605039,2026-07-17,46,46,0,100.0,✔,Tidak ada
2605018,2026-07-17,144,416,2,288.89,✔,Tidak ada
2605046,2026-07-18,0,40,0,100.0,✔,
2605045,2026-07-18,0,20,0,100.0,✔,tidak ada
2605033,2026-07-18,33,33,3,100.0,✔,tidak ada
2605042,2026-07-16,0,40,0,100.0,✔,
2605042,2026-07-17,0,21,0,100.0,✔,Repair air gerinda
2605047,2026-07-17,0,35,0,100.0,✔,Tidak ada
2602168,2026-07-18,200,150,0,75.0,✔,1. Pengecekan sebelum masuk proses assembling
2605047,2026-07-18,0,14,0,100.0,✔,Gerinda duduk lanjut repair jig
2605039,2026-07-18,14,14,0,100.0,✔,Tidak ada
2606103,2026-07-13,0,0,0,,✔,repair pattern koplinh
2606103,2026-07-14,0,0,0,,✔,"repair pattern, cetak pakai cairan resin"
2606103,2026-07-15,0,0,0,,✔,repair pattern
2606103,2026-07-16,0,0,7,,✔,rph pattern tgl 17
2606103,2026-07-17,6,0,0,0.0,✔,rph pattern tgl 20
2606103,2026-07-18,6,0,0,0.0,✔,repair pattern untuk rph tanggal. 20
2606102,2026-07-17,55,55,2,100.0,✔,Tidak ada
2606102,2026-07-18,0,36,6,100.0,✔,Tidak ada
2603130,2026-07-17,230,220,0,95.65,✔,"laser marking, plasma cutting, burrying moving, Galah 4M D33 (150 pcs) D38 (70 pcs), packing 25 koli."
2603130,2026-07-18,230,130,0,56.52,✔,"laser marking, plasma cutting, burrying moving, Galah 4M D33 (70 pcs) D38 (60 pcs), packing wrapping 20 koli."
2603131,2026-07-18,0,0,0,,✔,"melakukan pembersihan sisa cairan dan slag dengan menggunakan dril, lalu di repair dengan menggunakan semen dra-zrp dan semen dra-lp526 setelah repair dengan menggunakan semen lalu rapikan ladle yang sudah repair dengan kuas dan air setelah ladle sudah siap repair lalu melakukan pemotongan material seperti beton neser, aluminium dan membuat peralatan peleburan seperti canting,stik slag, dan stik aluminium sehabis membuat peralatan peleburan lanjut melakukan projek former ladle teapot"
2605011,2026-07-19,50,50,0,100.0,✔,Tidak ada
2605011,2026-07-17,55,60,0,109.09,✔,Tidak ada
2605044,2026-07-20,0,102,0,100.0,✔,tidak ada
2605011,2026-07-15,45,46,0,102.22,✔,Tidak ada
2605011,2026-07-16,55,55,0,100.0,✔,Tidak ada
2605011,2026-07-14,98,98,0,100.0,✔,Tidak ada
2605011,2026-07-13,55,60,0,109.09,✔,Tidak ada
2604144,2026-07-20,0,0,0,,✔,"1. Melakukan penyebaran RPH ke setiap line produksi sesuai jadwal.
2. Mencetak ulang form produksi yang habis di area produksi.
3. Mengambil seluruh checksheet produksi dari masing-masing line.
4. Melakukan input data produksi secara berkala.
5. Menginput hasil produksi ke sistem Dynamics AX."
2605018,2026-07-20,55,60,0,109.09,✔,Tidak ada
2606102,2026-07-20,75,60,0,80.0,✔,Tidak ada
2605042,2026-07-20,0,66,0,100.0,✔,
2602168,2026-07-20,200,100,0,50.0,✔,"1. Pengecekan sebelum masuk proses assembling 
D33 = 450 PCS
D38 = 450 PCS"
2605046,2026-07-20,0,60,0,100.0,✔,
2605045,2026-07-20,0,3,0,100.0,✔,tidak ada
2605033,2026-07-20,42,42,0,100.0,✔,tidak ada
2605040,2026-07-20,50,50,0,100.0,✔,
2605040,2026-07-21,14,14,0,100.0,✔,
2605012,2026-07-20,52,0,0,0.0,✔,Tidak ada
2605042,2026-07-21,0,14,0,100.0,✔,
2603146,2026-07-20,63,60,3,95.24,✔,Pengecekan Pasir tiap mixing
2605018,2026-07-21,55,80,0,145.45,✔,Tidak ada
2605039,2026-07-21,22,22,0,100.0,✔,Tidak ada
2605044,2026-07-21,0,60,0,100.0,✔,tidak ada
2605047,2026-07-21,0,15,0,100.0,✔,Repair dimensi friction
2605047,2026-07-20,0,30,0,100.0,✔,Repair jig cylinder liner
2604144,2026-07-21,0,0,0,,✔,"1. Melakukan penyebaran RPH ke setiap line produksi sesuai jadwal.
2. Mencetak ulang form produksi yang habis di area produksi.
3. Mengambil seluruh checksheet produksi dari masing-masing line.
4. Melakukan input data produksi secara berkala.
5. Menginput hasil produksi ke sistem Dynamics AX."
2603131,2026-07-21,0,0,0,,✔,"melakukan pembersihan sisa cairan dan slag dengan menggunakan dril lalu melakukan pengukuran ulang dimensi ladle untuk ladle fcd sehabis membuat ulang poket lalu di ukur dimensi poket dan ketinggian poket,ladle sehabis di ukur lalu di repair dengan menggunakan semen dra-zrp dan semen dra-lp526 setelah repair dengan menggunakan semen lalu rapikan ladle yang sudah repair dengan kuas dan air setelah ladle sudah siap repair lalu melakukan pemotongan material seperti beton neser, aluminium dan membuat peralatan peleburan seperti canting,stik slag, dan stik aluminium,sehabis memotong material lalu melakukan pembongkaran bottom ladle teapot 06 dan melakukan repair former ladle teapot 06"
2605046,2026-07-21,55,55,0,100.0,✔,
2602168,2026-07-21,200,200,0,100.0,✔,Warping 23 Koli
2605033,2026-07-21,25,25,0,100.0,✔,tidak ada
2606102,2026-07-21,75,60,0,80.0,✔,Tidak ada
2603130,2026-07-20,0,500,0,100.0,✔,"perbantuan area grinding start jam 07.30 - 14.15, 14.15 - 15.30 packing cover kapak kain."
2603130,2026-07-21,230,210,0,91.3,✔,"laser marking, plasma cutting, burrying moving galah 4m D33 (100 pcs) D38 (110 pcs), assembly, packing wrapping 60 koli."
2605040,2026-07-22,11,11,0,100.0,✔,
2603146,2026-07-21,2,2,2,100.0,✔,Pengecekan Pasir
2605044,2026-07-22,0,94,0,100.0,✔,tidak ada
2604144,2026-07-22,0,0,0,,✔,"1. Melakukan penyebaran RPH ke setiap line produksi sesuai jadwal.
2. Mencetak ulang form produksi yang habis di area produksi.
3. Mengambil seluruh checksheet produksi dari masing-masing line.
4. Melakukan input data produksi secara berkala.
5. Menginput hasil produksi ke sistem Dynamics AX."
2605039,2026-07-22,13,13,0,100.0,✔,tidak aada
2601176,2026-07-22,0,51,0,100.0,✔,
2602168,2026-07-22,200,70,0,35.0,✔,"1. Repair barang engine 
2. Material habis"
2605018,2026-07-22,55,81,0,147.27,✔,Tidak ada
2603130,2026-07-22,230,190,0,82.61,✔,"laser marking, plasma cutting, burrying moving galah 4m D33 (90 PCS) D38 (100 PCS), assembly, packing wrapping 40 koli."
2606103,2026-07-20,6,6,6,100.0,✔,repair copy pattern
2605018,2026-07-23,0,60,0,100.0,✔,Tidak ada
2605044,2026-07-23,0,80,0,100.0,✔,tidak ada
2604144,2026-07-23,0,0,0,,✔,"1. Melakukan penyebaran RPH ke setiap line produksi sesuai jadwal.
2. Mencetak ulang form produksi yang habis di area produksi.
3. Mengambil seluruh checksheet produksi dari masing-masing line.
4. Melakukan input data produksi secara berkala.
5. Menginput hasil produksi ke sistem Dynamics AX."
2605046,2026-07-23,0,46,0,100.0,✔,
2605045,2026-07-23,0,4,0,100.0,✔,tidak ada
2605033,2026-07-23,20,20,0,100.0,✔,tidak ada
2603130,2026-07-23,0,26,0,100.0,✔,"Fetling ORING 140 (12 pcs), Spacer Block (30 pcs), gerinda duduk Brake Drum (5 pcs), Spacer Block (8 pcs), ORING 140 (7 pcs), Friction (6 pcs)."
